orgName,orgRefCode,superUserEmail,email,idamId,assigneeUser,caseToShare
ccdorg-5wb1s,3SIYNNK,ccdorg-5wb1s_mcsuperuser@mailinator.com,ccdorg-5wb1s_mcCcd.user118@mailinator.com,519c52bc-9d84-43a3-8514-10ea8e33c2be,558ab9e4-66a9-4f96-8048-c3486b46fe27,1597329953746492
ccdorg-5wb1s,3SIYNNK,ccdorg-5wb1s_mcsuperuser@mailinator.com,ccdorg-5wb1s_mcCcd.user667@mailinator.com,558ab9e4-66a9-4f96-8048-c3486b46fe27,5aef67d9-0a7c-4609-868e-990a6479745c,1597329966612780
ccdorg-5wb1s,3SIYNNK,ccdorg-5wb1s_mcsuperuser@mailinator.com,ccdorg-5wb1s_mcCcd.user100@mailinator.com,5aef67d9-0a7c-4609-868e-990a6479745c,ea457edb-1301-4dfd-b32a-fe4cc2753963,1597329979456571
ccdorg-5wb1s,3SIYNNK,ccdorg-5wb1s_mcsuperuser@mailinator.com,ccdorg-5wb1s_mcCcd.user137@mailinator.com,ea457edb-1301-4dfd-b32a-fe4cc2753963,708e3a72-a051-4150-a4a9-6fb2cca7879f,1597329992684134
ccdorg-5wb1s,3SIYNNK,ccdorg-5wb1s_mcsuperuser@mailinator.com,ccdorg-5wb1s_mcCcd.user147@mailinator.com,708e3a72-a051-4150-a4a9-6fb2cca7879f,82bba5df-39e1-472c-a64c-7dc7cbd25e77,1597330005642739
ccdorg-5wb1s,3SIYNNK,ccdorg-5wb1s_mcsuperuser@mailinator.com,ccdorg-5wb1s_mcCcd.user149@mailinator.com,82bba5df-39e1-472c-a64c-7dc7cbd25e77,e33faf36-4dc6-492c-879a-b875424cd067,1597330018836310
ccdorg-5wb1s,3SIYNNK,ccdorg-5wb1s_mcsuperuser@mailinator.com,ccdorg-5wb1s_mcCcd.user164@mailinator.com,e33faf36-4dc6-492c-879a-b875424cd067,ed412826-09cd-4c3d-b754-478ab9d4d7b0,1597330031653874
ccdorg-5wb1s,3SIYNNK,ccdorg-5wb1s_mcsuperuser@mailinator.com,ccdorg-5wb1s_mcCcd.user173@mailinator.com,ed412826-09cd-4c3d-b754-478ab9d4d7b0,dca8678e-477c-4198-af61-f614ff94bf1f,1597330044738936
ccdorg-5wb1s,3SIYNNK,ccdorg-5wb1s_mcsuperuser@mailinator.com,ccdorg-5wb1s_mcCcd.user179@mailinator.com,dca8678e-477c-4198-af61-f614ff94bf1f,3ec4a685-4ce3-4a49-a9b3-75474248c3b6,1597330058388057
ccdorg-5wb1s,3SIYNNK,ccdorg-5wb1s_mcsuperuser@mailinator.com,ccdorg-5wb1s_mcCcd.user186@mailinator.com,3ec4a685-4ce3-4a49-a9b3-75474248c3b6,7c4be87b-cb09-4f7c-b3a7-e564e042d662,1597330071505554
ccdorg-5wb1s,3SIYNNK,ccdorg-5wb1s_mcsuperuser@mailinator.com,ccdorg-5wb1s_mcCcd.user192@mailinator.com,7c4be87b-cb09-4f7c-b3a7-e564e042d662,76ae518e-6578-4c75-8574-fa9d08e47d22,1597330084869419
ccdorg-5wb1s,3SIYNNK,ccdorg-5wb1s_mcsuperuser@mailinator.com,ccdorg-5wb1s_mcCcd.user193@mailinator.com,76ae518e-6578-4c75-8574-fa9d08e47d22,b2e877c7-3013-41cc-9143-eba4a377ba7d,1597330096742661
ccdorg-5wb1s,3SIYNNK,ccdorg-5wb1s_mcsuperuser@mailinator.com,ccdorg-5wb1s_mcCcd.user198@mailinator.com,b2e877c7-3013-41cc-9143-eba4a377ba7d,19c645e6-2111-4d1b-87bb-97b4a36e8a31,1597330109666865
ccdorg-5wb1s,3SIYNNK,ccdorg-5wb1s_mcsuperuser@mailinator.com,ccdorg-5wb1s_mcCcd.user208@mailinator.com,19c645e6-2111-4d1b-87bb-97b4a36e8a31,78f419d9-05c0-4893-b801-a57db40cb88e,1597330122563016
ccdorg-5wb1s,3SIYNNK,ccdorg-5wb1s_mcsuperuser@mailinator.com,ccdorg-5wb1s_mcCcd.user210@mailinator.com,78f419d9-05c0-4893-b801-a57db40cb88e,bad5fe95-6b4f-4ac4-93c5-fb0fded9c5e5,1597330136371760
ccdorg-5wb1s,3SIYNNK,ccdorg-5wb1s_mcsuperuser@mailinator.com,ccdorg-5wb1s_mcCcd.user217@mailinator.com,bad5fe95-6b4f-4ac4-93c5-fb0fded9c5e5,382323d4-31b9-4076-9a08-784627d92d98,1597330149512301
ccdorg-5wb1s,3SIYNNK,ccdorg-5wb1s_mcsuperuser@mailinator.com,ccdorg-5wb1s_mcCcd.user224@mailinator.com,382323d4-31b9-4076-9a08-784627d92d98,517f3ecf-6ddc-4de7-a83b-3982dec6ad07,1597330162655813
ccdorg-5wb1s,3SIYNNK,ccdorg-5wb1s_mcsuperuser@mailinator.com,ccdorg-5wb1s_mcCcd.user233@mailinator.com,517f3ecf-6ddc-4de7-a83b-3982dec6ad07,3e9363bc-e27d-41d4-9bcf-72fdc625a3d5,1597330175408754
ccdorg-5wb1s,3SIYNNK,ccdorg-5wb1s_mcsuperuser@mailinator.com,ccdorg-5wb1s_mcCcd.user241@mailinator.com,3e9363bc-e27d-41d4-9bcf-72fdc625a3d5,61fb34c8-ed1c-4eae-9666-be6e6dd7e0b6,1597330189266198
ccdorg-5wb1s,3SIYNNK,ccdorg-5wb1s_mcsuperuser@mailinator.com,ccdorg-5wb1s_mcCcd.user245@mailinator.com,61fb34c8-ed1c-4eae-9666-be6e6dd7e0b6,9756e5b9-c0a3-44ce-b536-fc6e4c6140ee,1597330202019806
ccdorg-5wb1s,3SIYNNK,ccdorg-5wb1s_mcsuperuser@mailinator.com,ccdorg-5wb1s_mcCcd.user247@mailinator.com,9756e5b9-c0a3-44ce-b536-fc6e4c6140ee,a343fcd4-2562-4ab7-bb76-e1b38d89af63,1597330214969485
ccdorg-5wb1s,3SIYNNK,ccdorg-5wb1s_mcsuperuser@mailinator.com,ccdorg-5wb1s_mcCcd.user253@mailinator.com,a343fcd4-2562-4ab7-bb76-e1b38d89af63,8e2834c1-ef5e-40a6-863a-20879ed8e8cb,1597330228027494
ccdorg-5wb1s,3SIYNNK,ccdorg-5wb1s_mcsuperuser@mailinator.com,ccdorg-5wb1s_mcCcd.user290@mailinator.com,8e2834c1-ef5e-40a6-863a-20879ed8e8cb,3eca5fa8-9343-49b4-a1e7-b0df26679e99,1597330241205796
ccdorg-5wb1s,3SIYNNK,ccdorg-5wb1s_mcsuperuser@mailinator.com,ccdorg-5wb1s_mcCcd.user347@mailinator.com,3eca5fa8-9343-49b4-a1e7-b0df26679e99,a31b2470-89ac-4b1f-b30b-28f1113b84f0,1597330253737769
ccdorg-5wb1s,3SIYNNK,ccdorg-5wb1s_mcsuperuser@mailinator.com,ccdorg-5wb1s_mcCcd.user353@mailinator.com,a31b2470-89ac-4b1f-b30b-28f1113b84f0,252c8aad-3b54-49b4-91b3-76ce02d38dea,1597330266429248
ccdorg-5wb1s,3SIYNNK,ccdorg-5wb1s_mcsuperuser@mailinator.com,ccdorg-5wb1s_mcCcd.user365@mailinator.com,252c8aad-3b54-49b4-91b3-76ce02d38dea,ac2acacb-9b39-483b-9174-a1651d62b29a,1597330279497117
ccdorg-5wb1s,3SIYNNK,ccdorg-5wb1s_mcsuperuser@mailinator.com,ccdorg-5wb1s_mcCcd.user395@mailinator.com,ac2acacb-9b39-483b-9174-a1651d62b29a,f817be86-e70b-4414-8965-f561cb1c5566,1597330293166722
ccdorg-5wb1s,3SIYNNK,ccdorg-5wb1s_mcsuperuser@mailinator.com,ccdorg-5wb1s_mcCcd.user402@mailinator.com,f817be86-e70b-4414-8965-f561cb1c5566,d3dcbdb8-099f-4001-a142-e9c81105dcfb,1597330305503607
ccdorg-5wb1s,3SIYNNK,ccdorg-5wb1s_mcsuperuser@mailinator.com,ccdorg-5wb1s_mcCcd.user408@mailinator.com,d3dcbdb8-099f-4001-a142-e9c81105dcfb,ec3fc8dd-2d01-4952-a380-94b4cb993132,1597330319266043
ccdorg-5wb1s,3SIYNNK,ccdorg-5wb1s_mcsuperuser@mailinator.com,ccdorg-5wb1s_mcCcd.user414@mailinator.com,ec3fc8dd-2d01-4952-a380-94b4cb993132,fde836d7-d59e-447a-8416-cacea3321963,1597330332244183
ccdorg-5wb1s,3SIYNNK,ccdorg-5wb1s_mcsuperuser@mailinator.com,ccdorg-5wb1s_mcCcd.user419@mailinator.com,fde836d7-d59e-447a-8416-cacea3321963,8fd24b26-afc1-4f90-968a-39ad3672e5fc,1597330345646754
ccdorg-5wb1s,3SIYNNK,ccdorg-5wb1s_mcsuperuser@mailinator.com,ccdorg-5wb1s_mcCcd.user425@mailinator.com,8fd24b26-afc1-4f90-968a-39ad3672e5fc,8ae2555b-5950-49a4-9d1a-ec50b139d492,1597330358582185
ccdorg-5wb1s,3SIYNNK,ccdorg-5wb1s_mcsuperuser@mailinator.com,ccdorg-5wb1s_mcCcd.user431@mailinator.com,8ae2555b-5950-49a4-9d1a-ec50b139d492,f2f56f1c-1449-4a11-b154-c75e693ccfeb,1597330372128023
ccdorg-5wb1s,3SIYNNK,ccdorg-5wb1s_mcsuperuser@mailinator.com,ccdorg-5wb1s_mcCcd.user437@mailinator.com,f2f56f1c-1449-4a11-b154-c75e693ccfeb,1d981125-1bbc-4e26-986e-22df9abde5c1,1597330385275035
ccdorg-5wb1s,3SIYNNK,ccdorg-5wb1s_mcsuperuser@mailinator.com,ccdorg-5wb1s_mcCcd.user443@mailinator.com,1d981125-1bbc-4e26-986e-22df9abde5c1,fc193aab-0ae9-4c20-9b8e-c9324d56d5cd,1597330398036135
ccdorg-5wb1s,3SIYNNK,ccdorg-5wb1s_mcsuperuser@mailinator.com,ccdorg-5wb1s_mcCcd.user448@mailinator.com,fc193aab-0ae9-4c20-9b8e-c9324d56d5cd,b326e3df-09de-415b-8213-cb8fd042af70,1597330411329475
ccdorg-5wb1s,3SIYNNK,ccdorg-5wb1s_mcsuperuser@mailinator.com,ccdorg-5wb1s_mcCcd.user454@mailinator.com,b326e3df-09de-415b-8213-cb8fd042af70,3c1e7e58-9911-41af-8dd0-2f7f12a07dca,1597330423422144
ccdorg-5wb1s,3SIYNNK,ccdorg-5wb1s_mcsuperuser@mailinator.com,ccdorg-5wb1s_mcCcd.user467@mailinator.com,3c1e7e58-9911-41af-8dd0-2f7f12a07dca,db955dab-59a4-4f38-a303-dc41ba35098b,1597330436394686
ccdorg-5wb1s,3SIYNNK,ccdorg-5wb1s_mcsuperuser@mailinator.com,ccdorg-5wb1s_mcCcd.user474@mailinator.com,db955dab-59a4-4f38-a303-dc41ba35098b,ac415ec1-93dd-4bdf-8b99-9d6bfa8216a5,1597330449693017
ccdorg-5wb1s,3SIYNNK,ccdorg-5wb1s_mcsuperuser@mailinator.com,ccdorg-5wb1s_mcCcd.user479@mailinator.com,ac415ec1-93dd-4bdf-8b99-9d6bfa8216a5,7a3aad7d-5662-4801-9131-3d0a05067cd3,1597330462413350
ccdorg-5wb1s,3SIYNNK,ccdorg-5wb1s_mcsuperuser@mailinator.com,ccdorg-5wb1s_mcCcd.user485@mailinator.com,7a3aad7d-5662-4801-9131-3d0a05067cd3,a477fae5-862b-4775-b4ee-0796f5a9dfb7,1597330475459127
ccdorg-5wb1s,3SIYNNK,ccdorg-5wb1s_mcsuperuser@mailinator.com,ccdorg-5wb1s_mcCcd.user491@mailinator.com,a477fae5-862b-4775-b4ee-0796f5a9dfb7,fae9f60d-4869-461e-ad2a-3e413f219970,1597330488321637
ccdorg-5wb1s,3SIYNNK,ccdorg-5wb1s_mcsuperuser@mailinator.com,ccdorg-5wb1s_mcCcd.user497@mailinator.com,fae9f60d-4869-461e-ad2a-3e413f219970,3a78e6f6-5d28-419e-9880-7b6afb09fc31,1597330502469578
ccdorg-5wb1s,3SIYNNK,ccdorg-5wb1s_mcsuperuser@mailinator.com,ccdorg-5wb1s_mcCcd.user503@mailinator.com,3a78e6f6-5d28-419e-9880-7b6afb09fc31,ee496b2f-8536-4dd7-ad5f-a9f47e73cb1c,1597330516267828
ccdorg-5wb1s,3SIYNNK,ccdorg-5wb1s_mcsuperuser@mailinator.com,ccdorg-5wb1s_mcCcd.user509@mailinator.com,ee496b2f-8536-4dd7-ad5f-a9f47e73cb1c,da2833e2-78d7-469e-9b00-80017b41baba,1597330528632811
ccdorg-5wb1s,3SIYNNK,ccdorg-5wb1s_mcsuperuser@mailinator.com,ccdorg-5wb1s_mcCcd.user515@mailinator.com,da2833e2-78d7-469e-9b00-80017b41baba,4d556034-3e3a-441c-b577-0b65e4dd0cac,1597330542065501
ccdorg-5wb1s,3SIYNNK,ccdorg-5wb1s_mcsuperuser@mailinator.com,ccdorg-5wb1s_mcCcd.user528@mailinator.com,4d556034-3e3a-441c-b577-0b65e4dd0cac,a7d12a78-ec58-4ed4-86dd-62f3546736c7,1597330554656742
ccdorg-5wb1s,3SIYNNK,ccdorg-5wb1s_mcsuperuser@mailinator.com,ccdorg-5wb1s_mcCcd.user534@mailinator.com,a7d12a78-ec58-4ed4-86dd-62f3546736c7,45ac6cf2-72e2-462b-b1f6-eb391d0c7a8b,1597330567415177
ccdorg-5wb1s,3SIYNNK,ccdorg-5wb1s_mcsuperuser@mailinator.com,ccdorg-5wb1s_mcCcd.user539@mailinator.com,45ac6cf2-72e2-462b-b1f6-eb391d0c7a8b,5ebc75de-3bc7-43ad-a598-9b1b63d05040,1597330580732657
ccdorg-5wb1s,3SIYNNK,ccdorg-5wb1s_mcsuperuser@mailinator.com,ccdorg-5wb1s_mcCcd.user545@mailinator.com,5ebc75de-3bc7-43ad-a598-9b1b63d05040,701630d5-4be4-4aa9-a227-78836fe765e4,1597330593470485
ccdorg-5wb1s,3SIYNNK,ccdorg-5wb1s_mcsuperuser@mailinator.com,ccdorg-5wb1s_mcCcd.user552@mailinator.com,701630d5-4be4-4aa9-a227-78836fe765e4,aab2ff89-e8ea-4957-bd2b-e586b401f144,1597330606557922
ccdorg-5wb1s,3SIYNNK,ccdorg-5wb1s_mcsuperuser@mailinator.com,ccdorg-5wb1s_mcCcd.user558@mailinator.com,aab2ff89-e8ea-4957-bd2b-e586b401f144,7c8f315c-5b2b-4a35-b666-2e7725d4cf43,1597330619892043
ccdorg-5wb1s,3SIYNNK,ccdorg-5wb1s_mcsuperuser@mailinator.com,ccdorg-5wb1s_mcCcd.user56@mailinator.com,7c8f315c-5b2b-4a35-b666-2e7725d4cf43,5820c045-f6d9-4d1d-b45c-35db39bfe84a,1597330632933691
ccdorg-5wb1s,3SIYNNK,ccdorg-5wb1s_mcsuperuser@mailinator.com,ccdorg-5wb1s_mcCcd.user564@mailinator.com,5820c045-f6d9-4d1d-b45c-35db39bfe84a,3775e1cb-2f4a-4c08-8751-87207a7c6f60,1597330645623503
ccdorg-5wb1s,3SIYNNK,ccdorg-5wb1s_mcsuperuser@mailinator.com,ccdorg-5wb1s_mcCcd.user576@mailinator.com,3775e1cb-2f4a-4c08-8751-87207a7c6f60,7f7356f2-1343-48cf-9810-59dadbca1362,1597330658547060
ccdorg-5wb1s,3SIYNNK,ccdorg-5wb1s_mcsuperuser@mailinator.com,ccdorg-5wb1s_mcCcd.user582@mailinator.com,7f7356f2-1343-48cf-9810-59dadbca1362,645064b2-e983-4502-9e98-c89f2a65b900,1597330671841086
ccdorg-5wb1s,3SIYNNK,ccdorg-5wb1s_mcsuperuser@mailinator.com,ccdorg-5wb1s_mcCcd.user588@mailinator.com,645064b2-e983-4502-9e98-c89f2a65b900,4d0e5843-dedf-4c95-bc36-99c7c0018d6a,1597330685875138
ccdorg-5wb1s,3SIYNNK,ccdorg-5wb1s_mcsuperuser@mailinator.com,ccdorg-5wb1s_mcCcd.user594@mailinator.com,4d0e5843-dedf-4c95-bc36-99c7c0018d6a,8faa19fe-a1f1-49ad-8ef3-6f9ef7bc0e07,1597330698756309
ccdorg-5wb1s,3SIYNNK,ccdorg-5wb1s_mcsuperuser@mailinator.com,ccdorg-5wb1s_mcCcd.user609@mailinator.com,8faa19fe-a1f1-49ad-8ef3-6f9ef7bc0e07,1b60165d-05e6-44fe-a0ce-32f6de98c305,1597330711644565
ccdorg-5wb1s,3SIYNNK,ccdorg-5wb1s_mcsuperuser@mailinator.com,ccdorg-5wb1s_mcCcd.user632@mailinator.com,1b60165d-05e6-44fe-a0ce-32f6de98c305,42107a46-c966-4daf-96c1-4596f305731c,1597330724580855
ccdorg-5wb1s,3SIYNNK,ccdorg-5wb1s_mcsuperuser@mailinator.com,ccdorg-5wb1s_mcCcd.user638@mailinator.com,42107a46-c966-4daf-96c1-4596f305731c,8448357b-faa1-4a9f-85e4-551fac4df78d,1597330738352853
ccdorg-5wb1s,3SIYNNK,ccdorg-5wb1s_mcsuperuser@mailinator.com,ccdorg-5wb1s_mcCcd.user644@mailinator.com,8448357b-faa1-4a9f-85e4-551fac4df78d,15178b43-5d27-46e4-8fa0-782b04e687ff,1597330750370783
ccdorg-5wb1s,3SIYNNK,ccdorg-5wb1s_mcsuperuser@mailinator.com,ccdorg-5wb1s_mcCcd.user65@mailinator.com,15178b43-5d27-46e4-8fa0-782b04e687ff,15178b43-5d27-46e4-8fa0-782b04e687ff,1597330763456264
ccdorg-5wb1s,3SIYNNK,ccdorg-5wb1s_mcsuperuser@mailinator.com,ccdorg-5wb1s_mcCcd.user65@mailinator.com,15178b43-5d27-46e4-8fa0-782b04e687ff,722c6a6c-5721-41b1-85c7-1ea880ca2fd7,1597330777082908
ccdorg-5wb1s,3SIYNNK,ccdorg-5wb1s_mcsuperuser@mailinator.com,ccdorg-5wb1s_mcCcd.user650@mailinator.com,722c6a6c-5721-41b1-85c7-1ea880ca2fd7,4a534f68-d145-4677-a475-f74aec8ac2cf,1597330789323936
ccdorg-5wb1s,3SIYNNK,ccdorg-5wb1s_mcsuperuser@mailinator.com,ccdorg-5wb1s_mcCcd.user655@mailinator.com,4a534f68-d145-4677-a475-f74aec8ac2cf,11f8ca5f-9cfb-4d88-a40b-d24320270f6c,1597330802405629
ccdorg-5wb1s,3SIYNNK,ccdorg-5wb1s_mcsuperuser@mailinator.com,ccdorg-5wb1s_mcCcd.user718@mailinator.com,11f8ca5f-9cfb-4d88-a40b-d24320270f6c,9f5f987a-28c3-47df-a830-f27000634c23,1597330816226474
ccdorg-5wb1s,3SIYNNK,ccdorg-5wb1s_mcsuperuser@mailinator.com,ccdorg-5wb1s_mcCcd.user72@mailinator.com,9f5f987a-28c3-47df-a830-f27000634c23,ec8d4c56-58c5-4e90-9fa5-112774815e16,1597330829056025
ccdorg-5wb1s,3SIYNNK,ccdorg-5wb1s_mcsuperuser@mailinator.com,ccdorg-5wb1s_mcCcd.user721@mailinator.com,ec8d4c56-58c5-4e90-9fa5-112774815e16,137224a5-375e-4151-98c2-61d932fd3006,1597330842276758
ccdorg-5wb1s,3SIYNNK,ccdorg-5wb1s_mcsuperuser@mailinator.com,ccdorg-5wb1s_mcCcd.user73@mailinator.com,137224a5-375e-4151-98c2-61d932fd3006,8d6ec5df-3fa9-4384-8fb1-47c94c9ca589,1597330854649280
ccdorg-5wb1s,3SIYNNK,ccdorg-5wb1s_mcsuperuser@mailinator.com,ccdorg-5wb1s_mcCcd.user734@mailinator.com,8d6ec5df-3fa9-4384-8fb1-47c94c9ca589,d7b6dcfd-9c95-4701-ba40-db3f60264364,1597330868523364
ccdorg-5wb1s,3SIYNNK,ccdorg-5wb1s_mcsuperuser@mailinator.com,ccdorg-5wb1s_mcCcd.user86@mailinator.com,d7b6dcfd-9c95-4701-ba40-db3f60264364,6aacf12d-46a9-408d-a8f3-c92628586479,1597330882369687
ccdorg-5wb1s,3SIYNNK,ccdorg-5wb1s_mcsuperuser@mailinator.com,ccdorg-5wb1s_mcCcd.user91@mailinator.com,6aacf12d-46a9-408d-a8f3-c92628586479,519c52bc-9d84-43a3-8514-10ea8e33c2be,1597330894581071
ccdorg-8lvid,Y92I1OI,ccdorg-8lvid_mcsuperuser@mailinator.com,ccdorg-8lvid_mcCcd.user108@mailinator.com,ed39075c-4ad3-4950-b207-f1bc0c2f9b04,1f64eb18-c9f4-4a3d-9bb9-a8e1a6ffab5d,1597330907331746
ccdorg-8lvid,Y92I1OI,ccdorg-8lvid_mcsuperuser@mailinator.com,ccdorg-8lvid_mcCcd.user117@mailinator.com,1f64eb18-c9f4-4a3d-9bb9-a8e1a6ffab5d,1f64eb18-c9f4-4a3d-9bb9-a8e1a6ffab5d,1597330920491915
ccdorg-8lvid,Y92I1OI,ccdorg-8lvid_mcsuperuser@mailinator.com,ccdorg-8lvid_mcCcd.user117@mailinator.com,1f64eb18-c9f4-4a3d-9bb9-a8e1a6ffab5d,0aeeb15f-0c60-48bd-9639-eada0d6323af,1597330933515239
ccdorg-8lvid,Y92I1OI,ccdorg-8lvid_mcsuperuser@mailinator.com,ccdorg-8lvid_mcCcd.user122@mailinator.com,0aeeb15f-0c60-48bd-9639-eada0d6323af,8bf04074-bc59-4121-936a-6013dde676c1,1597330946384151
ccdorg-8lvid,Y92I1OI,ccdorg-8lvid_mcsuperuser@mailinator.com,ccdorg-8lvid_mcCcd.user126@mailinator.com,8bf04074-bc59-4121-936a-6013dde676c1,db4f8f43-0295-4546-b7dd-b147fa99b988,1597330959996438
ccdorg-8lvid,Y92I1OI,ccdorg-8lvid_mcsuperuser@mailinator.com,ccdorg-8lvid_mcCcd.user129@mailinator.com,db4f8f43-0295-4546-b7dd-b147fa99b988,111b5f84-aefa-4e32-a1e5-5fb590431718,1597330972435661
ccdorg-8lvid,Y92I1OI,ccdorg-8lvid_mcsuperuser@mailinator.com,ccdorg-8lvid_mcCcd.user135@mailinator.com,111b5f84-aefa-4e32-a1e5-5fb590431718,7f72164d-4c44-481d-a503-71e10c1aca5c,1597330985380987
ccdorg-8lvid,Y92I1OI,ccdorg-8lvid_mcsuperuser@mailinator.com,ccdorg-8lvid_mcCcd.user145@mailinator.com,7f72164d-4c44-481d-a503-71e10c1aca5c,3fedfdfc-f9a2-41ee-9ed2-4dbf348ae439,1597330998726614
ccdorg-8lvid,Y92I1OI,ccdorg-8lvid_mcsuperuser@mailinator.com,ccdorg-8lvid_mcCcd.user153@mailinator.com,3fedfdfc-f9a2-41ee-9ed2-4dbf348ae439,ce8dd9c6-5188-40ed-af8e-45b7cc452709,1597331011760523
ccdorg-8lvid,Y92I1OI,ccdorg-8lvid_mcsuperuser@mailinator.com,ccdorg-8lvid_mcCcd.user162@mailinator.com,ce8dd9c6-5188-40ed-af8e-45b7cc452709,76a5b9ff-1c53-4351-87d8-c8193d103437,1597331024932218
ccdorg-8lvid,Y92I1OI,ccdorg-8lvid_mcsuperuser@mailinator.com,ccdorg-8lvid_mcCcd.user171@mailinator.com,76a5b9ff-1c53-4351-87d8-c8193d103437,a560c60b-5cb0-4b99-92e0-1f004984e148,1597331037456528
ccdorg-8lvid,Y92I1OI,ccdorg-8lvid_mcsuperuser@mailinator.com,ccdorg-8lvid_mcCcd.user174@mailinator.com,a560c60b-5cb0-4b99-92e0-1f004984e148,6b173bb0-215f-4258-9c5f-aa7551dc66ce,1597331051912570
ccdorg-8lvid,Y92I1OI,ccdorg-8lvid_mcsuperuser@mailinator.com,ccdorg-8lvid_mcCcd.user182@mailinator.com,6b173bb0-215f-4258-9c5f-aa7551dc66ce,6663eadd-5588-4686-b934-e863a1ea40bf,1597331064630839
ccdorg-8lvid,Y92I1OI,ccdorg-8lvid_mcsuperuser@mailinator.com,ccdorg-8lvid_mcCcd.user190@mailinator.com,6663eadd-5588-4686-b934-e863a1ea40bf,8f18df5d-d5e0-4003-b530-1b0caa816049,1597331077596506
ccdorg-8lvid,Y92I1OI,ccdorg-8lvid_mcsuperuser@mailinator.com,ccdorg-8lvid_mcCcd.user194@mailinator.com,8f18df5d-d5e0-4003-b530-1b0caa816049,2a25ee9d-bd11-437e-82cf-6c5e836041ea,1597331090484433
ccdorg-8lvid,Y92I1OI,ccdorg-8lvid_mcsuperuser@mailinator.com,ccdorg-8lvid_mcCcd.user201@mailinator.com,2a25ee9d-bd11-437e-82cf-6c5e836041ea,f2d12ee5-da0f-4472-8a64-225637937aa3,1597331103356818
ccdorg-8lvid,Y92I1OI,ccdorg-8lvid_mcsuperuser@mailinator.com,ccdorg-8lvid_mcCcd.user209@mailinator.com,f2d12ee5-da0f-4472-8a64-225637937aa3,4365e5b1-448a-48bb-be61-ee1dd584eded,1597331117039111
ccdorg-8lvid,Y92I1OI,ccdorg-8lvid_mcsuperuser@mailinator.com,ccdorg-8lvid_mcCcd.user211@mailinator.com,4365e5b1-448a-48bb-be61-ee1dd584eded,96adad5e-f4b9-4133-b6c8-a7681abb9ed2,1597331129802613
ccdorg-8lvid,Y92I1OI,ccdorg-8lvid_mcsuperuser@mailinator.com,ccdorg-8lvid_mcCcd.user218@mailinator.com,96adad5e-f4b9-4133-b6c8-a7681abb9ed2,8c24e934-476e-426d-8eee-5b5ca2fc5740,1597331142826474
ccdorg-8lvid,Y92I1OI,ccdorg-8lvid_mcsuperuser@mailinator.com,ccdorg-8lvid_mcCcd.user225@mailinator.com,8c24e934-476e-426d-8eee-5b5ca2fc5740,72066b7e-2dda-4d2d-9eca-c0dca837cc8f,1597331156147601
ccdorg-8lvid,Y92I1OI,ccdorg-8lvid_mcsuperuser@mailinator.com,ccdorg-8lvid_mcCcd.user234@mailinator.com,72066b7e-2dda-4d2d-9eca-c0dca837cc8f,d7efc190-379f-4f6c-a3e9-412e2f55addb,1597331168901789
ccdorg-8lvid,Y92I1OI,ccdorg-8lvid_mcsuperuser@mailinator.com,ccdorg-8lvid_mcCcd.user246@mailinator.com,d7efc190-379f-4f6c-a3e9-412e2f55addb,c8bb832c-f34b-4112-8940-b9db7a455c3d,1597331181254794
ccdorg-8lvid,Y92I1OI,ccdorg-8lvid_mcsuperuser@mailinator.com,ccdorg-8lvid_mcCcd.user250@mailinator.com,c8bb832c-f34b-4112-8940-b9db7a455c3d,772798bf-0a3e-4f13-9ed3-a0c9f71e6790,1597331195124363
ccdorg-8lvid,Y92I1OI,ccdorg-8lvid_mcsuperuser@mailinator.com,ccdorg-8lvid_mcCcd.user291@mailinator.com,772798bf-0a3e-4f13-9ed3-a0c9f71e6790,4fa09e4a-09cb-420e-91b1-f2eef2334b0a,1597331207465622
ccdorg-8lvid,Y92I1OI,ccdorg-8lvid_mcsuperuser@mailinator.com,ccdorg-8lvid_mcCcd.user303@mailinator.com,4fa09e4a-09cb-420e-91b1-f2eef2334b0a,3232dbae-2a51-4a76-8f02-92228ca0a563,1597331220596247
ccdorg-8lvid,Y92I1OI,ccdorg-8lvid_mcsuperuser@mailinator.com,ccdorg-8lvid_mcCcd.user355@mailinator.com,3232dbae-2a51-4a76-8f02-92228ca0a563,c1b1034d-f720-4d98-b90b-8382612e6904,1597331234424519
ccdorg-8lvid,Y92I1OI,ccdorg-8lvid_mcsuperuser@mailinator.com,ccdorg-8lvid_mcCcd.user362@mailinator.com,c1b1034d-f720-4d98-b90b-8382612e6904,9d09eea5-72e2-4c38-bcbd-3b22cf797d05,1597331247512029
ccdorg-8lvid,Y92I1OI,ccdorg-8lvid_mcsuperuser@mailinator.com,ccdorg-8lvid_mcCcd.user368@mailinator.com,9d09eea5-72e2-4c38-bcbd-3b22cf797d05,fbf2881e-6502-4ccb-a4a4-0d2e6e9a98e0,1597331260782152
ccdorg-8lvid,Y92I1OI,ccdorg-8lvid_mcsuperuser@mailinator.com,ccdorg-8lvid_mcCcd.user373@mailinator.com,fbf2881e-6502-4ccb-a4a4-0d2e6e9a98e0,ea692fb1-7715-436e-8b99-910507f56829,1597331274137146
ccdorg-8lvid,Y92I1OI,ccdorg-8lvid_mcsuperuser@mailinator.com,ccdorg-8lvid_mcCcd.user387@mailinator.com,ea692fb1-7715-436e-8b99-910507f56829,35d7cf18-9793-4047-b8e3-c1c7e70c8058,1597331287080747
ccdorg-8lvid,Y92I1OI,ccdorg-8lvid_mcsuperuser@mailinator.com,ccdorg-8lvid_mcCcd.user393@mailinator.com,35d7cf18-9793-4047-b8e3-c1c7e70c8058,652f16d1-f1e1-49b1-9e9d-6ce26ba1585c,1597331299895678
ccdorg-8lvid,Y92I1OI,ccdorg-8lvid_mcsuperuser@mailinator.com,ccdorg-8lvid_mcCcd.user405@mailinator.com,652f16d1-f1e1-49b1-9e9d-6ce26ba1585c,3a1ca960-a713-4aaa-8e21-7751e3f56693,1597331312957323
ccdorg-8lvid,Y92I1OI,ccdorg-8lvid_mcsuperuser@mailinator.com,ccdorg-8lvid_mcCcd.user411@mailinator.com,3a1ca960-a713-4aaa-8e21-7751e3f56693,bcb6b688-029a-4ca6-9dfc-49f150295342,1597331325672448
ccdorg-8lvid,Y92I1OI,ccdorg-8lvid_mcsuperuser@mailinator.com,ccdorg-8lvid_mcCcd.user424@mailinator.com,bcb6b688-029a-4ca6-9dfc-49f150295342,5a7e07fb-549f-4deb-b0a6-7e21b72be222,1597331338685247
ccdorg-8lvid,Y92I1OI,ccdorg-8lvid_mcsuperuser@mailinator.com,ccdorg-8lvid_mcCcd.user429@mailinator.com,5a7e07fb-549f-4deb-b0a6-7e21b72be222,d78f89e8-e3b9-4cfd-b861-046838805c88,1597331351414319
ccdorg-8lvid,Y92I1OI,ccdorg-8lvid_mcsuperuser@mailinator.com,ccdorg-8lvid_mcCcd.user441@mailinator.com,d78f89e8-e3b9-4cfd-b861-046838805c88,1732bff9-76eb-413d-a765-5af5cee442a0,1597331365152012
ccdorg-8lvid,Y92I1OI,ccdorg-8lvid_mcsuperuser@mailinator.com,ccdorg-8lvid_mcCcd.user453@mailinator.com,1732bff9-76eb-413d-a765-5af5cee442a0,50eeae91-89bd-4096-8232-7cb85da8deae,1597331378099226
ccdorg-8lvid,Y92I1OI,ccdorg-8lvid_mcsuperuser@mailinator.com,ccdorg-8lvid_mcCcd.user475@mailinator.com,50eeae91-89bd-4096-8232-7cb85da8deae,4fa73146-fe51-4498-bdd0-b1ce640b0143,1597338123127228
ccdorg-8lvid,Y92I1OI,ccdorg-8lvid_mcsuperuser@mailinator.com,ccdorg-8lvid_mcCcd.user481@mailinator.com,4fa73146-fe51-4498-bdd0-b1ce640b0143,0e5e6785-9cf2-445f-b147-2d846d2da094,1597331404434678
ccdorg-8lvid,Y92I1OI,ccdorg-8lvid_mcsuperuser@mailinator.com,ccdorg-8lvid_mcCcd.user492@mailinator.com,0e5e6785-9cf2-445f-b147-2d846d2da094,245be00a-48e2-4546-9861-043d827ce41d,1597331417540891
ccdorg-8lvid,Y92I1OI,ccdorg-8lvid_mcsuperuser@mailinator.com,ccdorg-8lvid_mcCcd.user498@mailinator.com,245be00a-48e2-4546-9861-043d827ce41d,37e09e10-b7a8-4969-8753-3815c03fd90c,1597331430422218
ccdorg-8lvid,Y92I1OI,ccdorg-8lvid_mcsuperuser@mailinator.com,ccdorg-8lvid_mcCcd.user510@mailinator.com,37e09e10-b7a8-4969-8753-3815c03fd90c,275643c3-0705-4e76-bffb-5c25d698cd57,1597331444137778
ccdorg-8lvid,Y92I1OI,ccdorg-8lvid_mcsuperuser@mailinator.com,ccdorg-8lvid_mcCcd.user527@mailinator.com,275643c3-0705-4e76-bffb-5c25d698cd57,e6a183f9-923b-4e4f-a164-c4073b74482d,1597331456817887
ccdorg-8lvid,Y92I1OI,ccdorg-8lvid_mcsuperuser@mailinator.com,ccdorg-8lvid_mcCcd.user533@mailinator.com,e6a183f9-923b-4e4f-a164-c4073b74482d,45af5097-031a-437f-96e4-fdecdc669ac1,1597331469907543
ccdorg-8lvid,Y92I1OI,ccdorg-8lvid_mcsuperuser@mailinator.com,ccdorg-8lvid_mcCcd.user540@mailinator.com,45af5097-031a-437f-96e4-fdecdc669ac1,788efd87-2dc5-48b0-9a08-bc230f53484c,1597331482898497
ccdorg-8lvid,Y92I1OI,ccdorg-8lvid_mcsuperuser@mailinator.com,ccdorg-8lvid_mcCcd.user546@mailinator.com,788efd87-2dc5-48b0-9a08-bc230f53484c,2b05072c-bcf7-47ad-96cb-847aaf332f94,1597331495589166
ccdorg-8lvid,Y92I1OI,ccdorg-8lvid_mcsuperuser@mailinator.com,ccdorg-8lvid_mcCcd.user551@mailinator.com,2b05072c-bcf7-47ad-96cb-847aaf332f94,6275ddf1-447f-4a61-ba61-5764d1b96dbe,1597331508647548
ccdorg-8lvid,Y92I1OI,ccdorg-8lvid_mcsuperuser@mailinator.com,ccdorg-8lvid_mcCcd.user563@mailinator.com,6275ddf1-447f-4a61-ba61-5764d1b96dbe,4bf78ff5-7407-41a2-afdd-b9c0532bde25,1597331521791000
ccdorg-8lvid,Y92I1OI,ccdorg-8lvid_mcsuperuser@mailinator.com,ccdorg-8lvid_mcCcd.user57@mailinator.com,4bf78ff5-7407-41a2-afdd-b9c0532bde25,60d38066-8a15-40ef-a64a-005e06e41c93,1597331534865817
ccdorg-8lvid,Y92I1OI,ccdorg-8lvid_mcsuperuser@mailinator.com,ccdorg-8lvid_mcCcd.user575@mailinator.com,60d38066-8a15-40ef-a64a-005e06e41c93,42940328-8f7a-4cb9-8f66-bab95764a242,1597331548122452
ccdorg-8lvid,Y92I1OI,ccdorg-8lvid_mcsuperuser@mailinator.com,ccdorg-8lvid_mcCcd.user581@mailinator.com,42940328-8f7a-4cb9-8f66-bab95764a242,788ed9c9-d868-4051-871a-a5097570c9d1,1597331560567238
ccdorg-8lvid,Y92I1OI,ccdorg-8lvid_mcsuperuser@mailinator.com,ccdorg-8lvid_mcCcd.user603@mailinator.com,788ed9c9-d868-4051-871a-a5097570c9d1,0c6c4d1e-9698-4b4f-af4c-5b38a19e9f8b,1597331573584436
ccdorg-8lvid,Y92I1OI,ccdorg-8lvid_mcsuperuser@mailinator.com,ccdorg-8lvid_mcCcd.user610@mailinator.com,0c6c4d1e-9698-4b4f-af4c-5b38a19e9f8b,016dcab0-b702-4622-873e-a794e149f91f,1597331586678423
ccdorg-8lvid,Y92I1OI,ccdorg-8lvid_mcsuperuser@mailinator.com,ccdorg-8lvid_mcCcd.user617@mailinator.com,016dcab0-b702-4622-873e-a794e149f91f,82fb0ea6-c4a3-4426-afb7-b1c8a976cee1,1597331600828103
ccdorg-8lvid,Y92I1OI,ccdorg-8lvid_mcsuperuser@mailinator.com,ccdorg-8lvid_mcCcd.user623@mailinator.com,82fb0ea6-c4a3-4426-afb7-b1c8a976cee1,aae41a32-d983-4f2c-8494-68d31c73921e,1597331613510474
ccdorg-8lvid,Y92I1OI,ccdorg-8lvid_mcsuperuser@mailinator.com,ccdorg-8lvid_mcCcd.user634@mailinator.com,aae41a32-d983-4f2c-8494-68d31c73921e,b01df372-d8cb-42af-8725-96146007f043,1597331626359968
ccdorg-8lvid,Y92I1OI,ccdorg-8lvid_mcsuperuser@mailinator.com,ccdorg-8lvid_mcCcd.user641@mailinator.com,b01df372-d8cb-42af-8725-96146007f043,3890bd9f-5841-4dd1-afa9-12deecc69197,1597331639471958
ccdorg-8lvid,Y92I1OI,ccdorg-8lvid_mcsuperuser@mailinator.com,ccdorg-8lvid_mcCcd.user647@mailinator.com,3890bd9f-5841-4dd1-afa9-12deecc69197,e6d127dc-6267-4f84-91d2-89852c9e58e7,1597331652682077
ccdorg-8lvid,Y92I1OI,ccdorg-8lvid_mcsuperuser@mailinator.com,ccdorg-8lvid_mcCcd.user653@mailinator.com,e6d127dc-6267-4f84-91d2-89852c9e58e7,a215aeab-3aed-4c77-8e70-55747dce72de,1597331665663924
ccdorg-8lvid,Y92I1OI,ccdorg-8lvid_mcsuperuser@mailinator.com,ccdorg-8lvid_mcCcd.user659@mailinator.com,a215aeab-3aed-4c77-8e70-55747dce72de,5c4d5f2f-4870-439a-8c40-186a031b2174,1597331680186521
ccdorg-8lvid,Y92I1OI,ccdorg-8lvid_mcsuperuser@mailinator.com,ccdorg-8lvid_mcCcd.user66@mailinator.com,5c4d5f2f-4870-439a-8c40-186a031b2174,521d506a-0e91-4acc-984f-f80315149c74,1597331692095686
ccdorg-8lvid,Y92I1OI,ccdorg-8lvid_mcsuperuser@mailinator.com,ccdorg-8lvid_mcCcd.user665@mailinator.com,521d506a-0e91-4acc-984f-f80315149c74,9b859c52-0f8d-48da-8aba-e408942fbc48,1597331704845888
ccdorg-8lvid,Y92I1OI,ccdorg-8lvid_mcsuperuser@mailinator.com,ccdorg-8lvid_mcCcd.user671@mailinator.com,9b859c52-0f8d-48da-8aba-e408942fbc48,e512120e-2740-4614-aec8-c44ec6f72d2c,1597331717427609
ccdorg-8lvid,Y92I1OI,ccdorg-8lvid_mcsuperuser@mailinator.com,ccdorg-8lvid_mcCcd.user683@mailinator.com,e512120e-2740-4614-aec8-c44ec6f72d2c,4e927a7d-57b1-4cfd-9d9d-fd17d2884ef9,1597331730409469
ccdorg-8lvid,Y92I1OI,ccdorg-8lvid_mcsuperuser@mailinator.com,ccdorg-8lvid_mcCcd.user689@mailinator.com,4e927a7d-57b1-4cfd-9d9d-fd17d2884ef9,70284f7c-f420-4458-a967-98f49174e0bf,1597331743602472
ccdorg-8lvid,Y92I1OI,ccdorg-8lvid_mcsuperuser@mailinator.com,ccdorg-8lvid_mcCcd.user69@mailinator.com,70284f7c-f420-4458-a967-98f49174e0bf,b09d1651-5dd3-4714-bb44-3e433d3253b4,1597331756768400
ccdorg-8lvid,Y92I1OI,ccdorg-8lvid_mcsuperuser@mailinator.com,ccdorg-8lvid_mcCcd.user695@mailinator.com,b09d1651-5dd3-4714-bb44-3e433d3253b4,c50c4f0d-44b9-4208-9f34-2fda8f851d05,1597331769963469
ccdorg-8lvid,Y92I1OI,ccdorg-8lvid_mcsuperuser@mailinator.com,ccdorg-8lvid_mcCcd.user716@mailinator.com,c50c4f0d-44b9-4208-9f34-2fda8f851d05,3180b808-8a7b-459b-b2b4-4df95584d01c,1597331784119295
ccdorg-8lvid,Y92I1OI,ccdorg-8lvid_mcsuperuser@mailinator.com,ccdorg-8lvid_mcCcd.user725@mailinator.com,3180b808-8a7b-459b-b2b4-4df95584d01c,d2fc04bc-fc44-4339-b58f-0d77ad9dcaa9,1597331797489388
ccdorg-8lvid,Y92I1OI,ccdorg-8lvid_mcsuperuser@mailinator.com,ccdorg-8lvid_mcCcd.user730@mailinator.com,d2fc04bc-fc44-4339-b58f-0d77ad9dcaa9,4bf86260-1238-4478-9140-2db428b402ec,1597331809885698
ccdorg-8lvid,Y92I1OI,ccdorg-8lvid_mcsuperuser@mailinator.com,ccdorg-8lvid_mcCcd.user736@mailinator.com,4bf86260-1238-4478-9140-2db428b402ec,4fd3dc36-9b5d-442d-9eaa-2e09cdcc734d,1597331822767675
ccdorg-8lvid,Y92I1OI,ccdorg-8lvid_mcsuperuser@mailinator.com,ccdorg-8lvid_mcCcd.user740@mailinator.com,4fd3dc36-9b5d-442d-9eaa-2e09cdcc734d,16f3dd3d-d9ee-4fe0-b6c8-2778cb0759da,1597331835718525
ccdorg-8lvid,Y92I1OI,ccdorg-8lvid_mcsuperuser@mailinator.com,ccdorg-8lvid_mcCcd.user75@mailinator.com,16f3dd3d-d9ee-4fe0-b6c8-2778cb0759da,ed39075c-4ad3-4950-b207-f1bc0c2f9b04,1597331848528440
ccdorg-bz6me,RW0UDXH,ccdorg-bz6me_mcsuperuser@mailinator.com,ccdorg-bz6me_mcCcd.user100@mailinator.com,807b4d1e-cf10-48b9-8894-a0913c77b542,58dd58f9-ad1f-4056-b916-9257add10b45,1597331861980759
ccdorg-bz6me,RW0UDXH,ccdorg-bz6me_mcsuperuser@mailinator.com,ccdorg-bz6me_mcCcd.user105@mailinator.com,58dd58f9-ad1f-4056-b916-9257add10b45,65860802-bfe1-4bb6-9a15-b891049ccfdf,1597331875517886
ccdorg-bz6me,RW0UDXH,ccdorg-bz6me_mcsuperuser@mailinator.com,ccdorg-bz6me_mcCcd.user115@mailinator.com,65860802-bfe1-4bb6-9a15-b891049ccfdf,d45ac078-d424-4be5-a04c-73924d48e698,1597331888167166
ccdorg-bz6me,RW0UDXH,ccdorg-bz6me_mcsuperuser@mailinator.com,ccdorg-bz6me_mcCcd.user124@mailinator.com,d45ac078-d424-4be5-a04c-73924d48e698,4928ffdc-f054-473c-8528-bb0ef00196ad,1597331901154860
ccdorg-bz6me,RW0UDXH,ccdorg-bz6me_mcsuperuser@mailinator.com,ccdorg-bz6me_mcCcd.user132@mailinator.com,4928ffdc-f054-473c-8528-bb0ef00196ad,48ed0f38-1707-4fa0-a2a1-34db93b2d742,1597331913578924
ccdorg-bz6me,RW0UDXH,ccdorg-bz6me_mcsuperuser@mailinator.com,ccdorg-bz6me_mcCcd.user141@mailinator.com,48ed0f38-1707-4fa0-a2a1-34db93b2d742,48ed0f38-1707-4fa0-a2a1-34db93b2d742,1597331926720976
ccdorg-bz6me,RW0UDXH,ccdorg-bz6me_mcsuperuser@mailinator.com,ccdorg-bz6me_mcCcd.user141@mailinator.com,48ed0f38-1707-4fa0-a2a1-34db93b2d742,a9bbf065-2cfc-4442-a732-9ab47ec6aac8,1597331939874752
ccdorg-bz6me,RW0UDXH,ccdorg-bz6me_mcsuperuser@mailinator.com,ccdorg-bz6me_mcCcd.user145@mailinator.com,a9bbf065-2cfc-4442-a732-9ab47ec6aac8,c3f18570-e98b-434f-9e83-33ef008621fb,1597331953768500
ccdorg-bz6me,RW0UDXH,ccdorg-bz6me_mcsuperuser@mailinator.com,ccdorg-bz6me_mcCcd.user151@mailinator.com,c3f18570-e98b-434f-9e83-33ef008621fb,9894f448-3229-457d-bdd9-4869f3bc7485,1597331966724847
ccdorg-bz6me,RW0UDXH,ccdorg-bz6me_mcsuperuser@mailinator.com,ccdorg-bz6me_mcCcd.user153@mailinator.com,9894f448-3229-457d-bdd9-4869f3bc7485,a17daaf8-8c20-43c9-a4f8-12d561de970b,1597331980091397
ccdorg-bz6me,RW0UDXH,ccdorg-bz6me_mcsuperuser@mailinator.com,ccdorg-bz6me_mcCcd.user160@mailinator.com,a17daaf8-8c20-43c9-a4f8-12d561de970b,05a8a47c-976d-4643-8e23-c9302a3d5ab8,1597331992605069
ccdorg-bz6me,RW0UDXH,ccdorg-bz6me_mcsuperuser@mailinator.com,ccdorg-bz6me_mcCcd.user161@mailinator.com,05a8a47c-976d-4643-8e23-c9302a3d5ab8,0edcbe9f-f43a-44aa-a008-2ad2a83d7236,1597332005506179
ccdorg-bz6me,RW0UDXH,ccdorg-bz6me_mcsuperuser@mailinator.com,ccdorg-bz6me_mcCcd.user168@mailinator.com,0edcbe9f-f43a-44aa-a008-2ad2a83d7236,0edcbe9f-f43a-44aa-a008-2ad2a83d7236,1597332019502933
ccdorg-bz6me,RW0UDXH,ccdorg-bz6me_mcsuperuser@mailinator.com,ccdorg-bz6me_mcCcd.user168@mailinator.com,0edcbe9f-f43a-44aa-a008-2ad2a83d7236,eddd7319-b965-474a-8f70-a13a59281904,1597332031607132
ccdorg-bz6me,RW0UDXH,ccdorg-bz6me_mcsuperuser@mailinator.com,ccdorg-bz6me_mcCcd.user178@mailinator.com,eddd7319-b965-474a-8f70-a13a59281904,f58ae288-9541-4558-a4fb-b0a9eba0c522,1597332044411936
ccdorg-bz6me,RW0UDXH,ccdorg-bz6me_mcsuperuser@mailinator.com,ccdorg-bz6me_mcCcd.user184@mailinator.com,f58ae288-9541-4558-a4fb-b0a9eba0c522,67d6eb24-17c8-4616-a1f5-eb71d6342770,1597332058044136
ccdorg-bz6me,RW0UDXH,ccdorg-bz6me_mcsuperuser@mailinator.com,ccdorg-bz6me_mcCcd.user186@mailinator.com,67d6eb24-17c8-4616-a1f5-eb71d6342770,7d07b06a-7c00-40e1-8e4a-129337746e77,1597332070506963
ccdorg-bz6me,RW0UDXH,ccdorg-bz6me_mcsuperuser@mailinator.com,ccdorg-bz6me_mcCcd.user192@mailinator.com,7d07b06a-7c00-40e1-8e4a-129337746e77,8631fc90-4ed0-4aca-8745-fd79e9213847,1597332083885578
ccdorg-bz6me,RW0UDXH,ccdorg-bz6me_mcsuperuser@mailinator.com,ccdorg-bz6me_mcCcd.user195@mailinator.com,8631fc90-4ed0-4aca-8745-fd79e9213847,3d020e45-2d58-49f4-8d31-00b712c857f4,1597332097576635
ccdorg-bz6me,RW0UDXH,ccdorg-bz6me_mcsuperuser@mailinator.com,ccdorg-bz6me_mcCcd.user203@mailinator.com,3d020e45-2d58-49f4-8d31-00b712c857f4,29c4e954-2f13-4c90-a102-990433b31753,1597332109922579
ccdorg-bz6me,RW0UDXH,ccdorg-bz6me_mcsuperuser@mailinator.com,ccdorg-bz6me_mcCcd.user207@mailinator.com,29c4e954-2f13-4c90-a102-990433b31753,5c2583d1-4f30-44de-bbe5-238eaa8d0b61,1597332122468105
ccdorg-bz6me,RW0UDXH,ccdorg-bz6me_mcsuperuser@mailinator.com,ccdorg-bz6me_mcCcd.user213@mailinator.com,5c2583d1-4f30-44de-bbe5-238eaa8d0b61,f4042dc4-c7bb-479c-a968-cf8b73e552c2,1597332136450396
ccdorg-bz6me,RW0UDXH,ccdorg-bz6me_mcsuperuser@mailinator.com,ccdorg-bz6me_mcCcd.user216@mailinator.com,f4042dc4-c7bb-479c-a968-cf8b73e552c2,6735c36b-bf13-4ed8-8503-b2a46cd16b59,1597332149492997
ccdorg-bz6me,RW0UDXH,ccdorg-bz6me_mcsuperuser@mailinator.com,ccdorg-bz6me_mcCcd.user223@mailinator.com,6735c36b-bf13-4ed8-8503-b2a46cd16b59,d003ff83-50bb-480f-87a8-b045f437d42d,1597332163163813
ccdorg-bz6me,RW0UDXH,ccdorg-bz6me_mcsuperuser@mailinator.com,ccdorg-bz6me_mcCcd.user230@mailinator.com,d003ff83-50bb-480f-87a8-b045f437d42d,53b58fb1-d58d-4891-af16-df167ff0b02b,1597332181989041
ccdorg-bz6me,RW0UDXH,ccdorg-bz6me_mcsuperuser@mailinator.com,ccdorg-bz6me_mcCcd.user232@mailinator.com,53b58fb1-d58d-4891-af16-df167ff0b02b,5a223e10-7f4a-46e4-9c94-b74276bde846,1597332189335536
ccdorg-bz6me,RW0UDXH,ccdorg-bz6me_mcsuperuser@mailinator.com,ccdorg-bz6me_mcCcd.user246@mailinator.com,5a223e10-7f4a-46e4-9c94-b74276bde846,e0aba604-e1b0-43d3-a439-7a475e0f8f21,1597332201872557
ccdorg-bz6me,RW0UDXH,ccdorg-bz6me_mcsuperuser@mailinator.com,ccdorg-bz6me_mcCcd.user247@mailinator.com,e0aba604-e1b0-43d3-a439-7a475e0f8f21,06be1ec9-6756-48d8-a869-b0a983c5ca0e,1597332216121966
ccdorg-bz6me,RW0UDXH,ccdorg-bz6me_mcsuperuser@mailinator.com,ccdorg-bz6me_mcCcd.user252@mailinator.com,06be1ec9-6756-48d8-a869-b0a983c5ca0e,5a6ab767-9781-4cba-8256-5b37e6649191,1597332227482266
ccdorg-bz6me,RW0UDXH,ccdorg-bz6me_mcsuperuser@mailinator.com,ccdorg-bz6me_mcCcd.user257@mailinator.com,5a6ab767-9781-4cba-8256-5b37e6649191,56fe443a-01d6-456b-9db1-eed9b2576a8e,1597332240973382
ccdorg-bz6me,RW0UDXH,ccdorg-bz6me_mcsuperuser@mailinator.com,ccdorg-bz6me_mcCcd.user273@mailinator.com,56fe443a-01d6-456b-9db1-eed9b2576a8e,5e207cd8-ac8c-4cc5-b229-68d4dc2cf02b,1597332253613487
ccdorg-bz6me,RW0UDXH,ccdorg-bz6me_mcsuperuser@mailinator.com,ccdorg-bz6me_mcCcd.user289@mailinator.com,5e207cd8-ac8c-4cc5-b229-68d4dc2cf02b,e09c3c3f-6b66-4058-a62d-b2d2e50c40eb,1597332266382179
ccdorg-bz6me,RW0UDXH,ccdorg-bz6me_mcsuperuser@mailinator.com,ccdorg-bz6me_mcCcd.user297@mailinator.com,e09c3c3f-6b66-4058-a62d-b2d2e50c40eb,cca7ae43-ddcb-4bfd-bf41-0c75d617bae7,1597332279331023
ccdorg-bz6me,RW0UDXH,ccdorg-bz6me_mcsuperuser@mailinator.com,ccdorg-bz6me_mcCcd.user345@mailinator.com,cca7ae43-ddcb-4bfd-bf41-0c75d617bae7,1cf0bb7d-23b8-499f-9f41-cf847a765efc,1597332292682089
ccdorg-bz6me,RW0UDXH,ccdorg-bz6me_mcsuperuser@mailinator.com,ccdorg-bz6me_mcCcd.user354@mailinator.com,1cf0bb7d-23b8-499f-9f41-cf847a765efc,1bb421e6-6b1e-4d1e-9caa-3192744bd2e0,1597332305790135
ccdorg-bz6me,RW0UDXH,ccdorg-bz6me_mcsuperuser@mailinator.com,ccdorg-bz6me_mcCcd.user360@mailinator.com,1bb421e6-6b1e-4d1e-9caa-3192744bd2e0,f4d86d0b-91c1-4398-8e07-93fd9e0c5468,1597332319506311
ccdorg-bz6me,RW0UDXH,ccdorg-bz6me_mcsuperuser@mailinator.com,ccdorg-bz6me_mcCcd.user366@mailinator.com,f4d86d0b-91c1-4398-8e07-93fd9e0c5468,11b2c708-6fe9-4625-8e17-742d5e1cc396,1597332333015943
ccdorg-bz6me,RW0UDXH,ccdorg-bz6me_mcsuperuser@mailinator.com,ccdorg-bz6me_mcCcd.user385@mailinator.com,11b2c708-6fe9-4625-8e17-742d5e1cc396,86da06be-fd73-46cc-861e-d39224400813,1597332345849792
ccdorg-bz6me,RW0UDXH,ccdorg-bz6me_mcsuperuser@mailinator.com,ccdorg-bz6me_mcCcd.user391@mailinator.com,86da06be-fd73-46cc-861e-d39224400813,72400c9e-93c9-4428-97bd-c7f3a6d5cef2,1597332358783136
ccdorg-bz6me,RW0UDXH,ccdorg-bz6me_mcsuperuser@mailinator.com,ccdorg-bz6me_mcCcd.user404@mailinator.com,72400c9e-93c9-4428-97bd-c7f3a6d5cef2,cb53056f-53d2-498e-a32d-a5f1b58d9cfd,1597332372058689
ccdorg-bz6me,RW0UDXH,ccdorg-bz6me_mcsuperuser@mailinator.com,ccdorg-bz6me_mcCcd.user410@mailinator.com,cb53056f-53d2-498e-a32d-a5f1b58d9cfd,b38079ff-9a84-4d01-9cc1-05e3a6b6ecba,1597332384705640
ccdorg-bz6me,RW0UDXH,ccdorg-bz6me_mcsuperuser@mailinator.com,ccdorg-bz6me_mcCcd.user416@mailinator.com,b38079ff-9a84-4d01-9cc1-05e3a6b6ecba,6b6d24f5-6e31-46c0-8851-5e7236820fd7,1597332398039762
ccdorg-bz6me,RW0UDXH,ccdorg-bz6me_mcsuperuser@mailinator.com,ccdorg-bz6me_mcCcd.user422@mailinator.com,6b6d24f5-6e31-46c0-8851-5e7236820fd7,3644767b-c7af-465b-a23e-e2e57fe5e006,1597332411427713
ccdorg-bz6me,RW0UDXH,ccdorg-bz6me_mcsuperuser@mailinator.com,ccdorg-bz6me_mcCcd.user427@mailinator.com,3644767b-c7af-465b-a23e-e2e57fe5e006,23d51f21-5912-49c0-b948-724586f3d03c,1597332424167405
ccdorg-bz6me,RW0UDXH,ccdorg-bz6me_mcsuperuser@mailinator.com,ccdorg-bz6me_mcCcd.user440@mailinator.com,23d51f21-5912-49c0-b948-724586f3d03c,3f6d05b3-c939-409f-8990-dda12d37d710,1597332437130622
ccdorg-bz6me,RW0UDXH,ccdorg-bz6me_mcsuperuser@mailinator.com,ccdorg-bz6me_mcCcd.user452@mailinator.com,3f6d05b3-c939-409f-8990-dda12d37d710,bc07b9ea-f14e-48a5-9c8e-55194bf88bf9,1597332449618598
ccdorg-bz6me,RW0UDXH,ccdorg-bz6me_mcsuperuser@mailinator.com,ccdorg-bz6me_mcCcd.user471@mailinator.com,bc07b9ea-f14e-48a5-9c8e-55194bf88bf9,3795bcf3-a94b-41bd-9802-08da16ca37cc,1597332463212344
ccdorg-bz6me,RW0UDXH,ccdorg-bz6me_mcsuperuser@mailinator.com,ccdorg-bz6me_mcCcd.user476@mailinator.com,3795bcf3-a94b-41bd-9802-08da16ca37cc,a694d65e-95b6-47ac-af78-0e9adb887d2c,1597332475986273
ccdorg-bz6me,RW0UDXH,ccdorg-bz6me_mcsuperuser@mailinator.com,ccdorg-bz6me_mcCcd.user482@mailinator.com,a694d65e-95b6-47ac-af78-0e9adb887d2c,fe2fee67-667b-460e-99b3-7620e7402b7c,1597332488839899
ccdorg-bz6me,RW0UDXH,ccdorg-bz6me_mcsuperuser@mailinator.com,ccdorg-bz6me_mcCcd.user494@mailinator.com,fe2fee67-667b-460e-99b3-7620e7402b7c,065027f4-5b06-42e7-83ec-ce9208b3867b,1597338141065525
ccdorg-bz6me,RW0UDXH,ccdorg-bz6me_mcsuperuser@mailinator.com,ccdorg-bz6me_mcCcd.user501@mailinator.com,065027f4-5b06-42e7-83ec-ce9208b3867b,fdec1c84-e4b2-442e-843d-5d9c561b0615,1597332515862575
ccdorg-bz6me,RW0UDXH,ccdorg-bz6me_mcsuperuser@mailinator.com,ccdorg-bz6me_mcCcd.user512@mailinator.com,fdec1c84-e4b2-442e-843d-5d9c561b0615,a40721ba-4189-460d-b5ff-c943b6fffbe0,1597332535317048
ccdorg-bz6me,RW0UDXH,ccdorg-bz6me_mcsuperuser@mailinator.com,ccdorg-bz6me_mcCcd.user523@mailinator.com,a40721ba-4189-460d-b5ff-c943b6fffbe0,ad592638-b0bc-47f4-bdf1-24431358e65e,1597332542184084
ccdorg-bz6me,RW0UDXH,ccdorg-bz6me_mcsuperuser@mailinator.com,ccdorg-bz6me_mcCcd.user53@mailinator.com,ad592638-b0bc-47f4-bdf1-24431358e65e,34cccb15-c893-4386-ad17-7f3ce714072e,1597332555177264
ccdorg-bz6me,RW0UDXH,ccdorg-bz6me_mcsuperuser@mailinator.com,ccdorg-bz6me_mcCcd.user535@mailinator.com,34cccb15-c893-4386-ad17-7f3ce714072e,a4eb65a5-f29b-4953-a294-bf4c960f6a73,1597332567628320
ccdorg-bz6me,RW0UDXH,ccdorg-bz6me_mcsuperuser@mailinator.com,ccdorg-bz6me_mcCcd.user54@mailinator.com,a4eb65a5-f29b-4953-a294-bf4c960f6a73,b05695ec-17b4-468b-bdc5-705b651a0f77,1597332580506297
ccdorg-bz6me,RW0UDXH,ccdorg-bz6me_mcsuperuser@mailinator.com,ccdorg-bz6me_mcCcd.user547@mailinator.com,b05695ec-17b4-468b-bdc5-705b651a0f77,c8b68999-81b4-41f9-8b67-64d7997bfeb0,1597332593612579
ccdorg-bz6me,RW0UDXH,ccdorg-bz6me_mcsuperuser@mailinator.com,ccdorg-bz6me_mcCcd.user562@mailinator.com,c8b68999-81b4-41f9-8b67-64d7997bfeb0,98298b51-6c4d-4cca-8199-e2ed4efb10a8,1597332607014333
ccdorg-bz6me,RW0UDXH,ccdorg-bz6me_mcsuperuser@mailinator.com,ccdorg-bz6me_mcCcd.user578@mailinator.com,98298b51-6c4d-4cca-8199-e2ed4efb10a8,6d52963f-b283-492b-b462-ef950d363e30,1597332619490828
ccdorg-bz6me,RW0UDXH,ccdorg-bz6me_mcsuperuser@mailinator.com,ccdorg-bz6me_mcCcd.user590@mailinator.com,6d52963f-b283-492b-b462-ef950d363e30,2928f938-a74e-43cc-9832-11a67766fedf,1597332632878686
ccdorg-bz6me,RW0UDXH,ccdorg-bz6me_mcsuperuser@mailinator.com,ccdorg-bz6me_mcCcd.user612@mailinator.com,2928f938-a74e-43cc-9832-11a67766fedf,080792b7-682d-47a6-9348-495449da84db,1597332652094685
ccdorg-bz6me,RW0UDXH,ccdorg-bz6me_mcsuperuser@mailinator.com,ccdorg-bz6me_mcCcd.user618@mailinator.com,080792b7-682d-47a6-9348-495449da84db,f0b957e7-6516-452f-8cd1-41022a624349,1597332658460799
ccdorg-bz6me,RW0UDXH,ccdorg-bz6me_mcsuperuser@mailinator.com,ccdorg-bz6me_mcCcd.user624@mailinator.com,f0b957e7-6516-452f-8cd1-41022a624349,7bde70ec-52e9-45e0-a975-129381dc2a38,1597332672179169
ccdorg-bz6me,RW0UDXH,ccdorg-bz6me_mcsuperuser@mailinator.com,ccdorg-bz6me_mcCcd.user63@mailinator.com,7bde70ec-52e9-45e0-a975-129381dc2a38,3db57412-2f67-486b-bb8c-d637ae5c2c3a,1597332685498978
ccdorg-bz6me,RW0UDXH,ccdorg-bz6me_mcsuperuser@mailinator.com,ccdorg-bz6me_mcCcd.user636@mailinator.com,3db57412-2f67-486b-bb8c-d637ae5c2c3a,235f1109-ca91-4f87-9d50-5174d7f815a2,1597332700661147
ccdorg-bz6me,RW0UDXH,ccdorg-bz6me_mcsuperuser@mailinator.com,ccdorg-bz6me_mcCcd.user642@mailinator.com,235f1109-ca91-4f87-9d50-5174d7f815a2,82aaee74-0d4a-4013-a535-8a8767f00999,1597332711420913
ccdorg-bz6me,RW0UDXH,ccdorg-bz6me_mcsuperuser@mailinator.com,ccdorg-bz6me_mcCcd.user648@mailinator.com,82aaee74-0d4a-4013-a535-8a8767f00999,74da8d7e-51a5-4a04-a673-28b8eaad074d,1597332725435071
ccdorg-bz6me,RW0UDXH,ccdorg-bz6me_mcsuperuser@mailinator.com,ccdorg-bz6me_mcCcd.user654@mailinator.com,74da8d7e-51a5-4a04-a673-28b8eaad074d,5c7d1a94-0c8f-406d-ad3d-f974c9a31641,1597332738105828
ccdorg-bz6me,RW0UDXH,ccdorg-bz6me_mcsuperuser@mailinator.com,ccdorg-bz6me_mcCcd.user660@mailinator.com,5c7d1a94-0c8f-406d-ad3d-f974c9a31641,0132ffdf-c042-432d-8d84-e4bd34d5ae25,1597332750804266
ccdorg-bz6me,RW0UDXH,ccdorg-bz6me_mcsuperuser@mailinator.com,ccdorg-bz6me_mcCcd.user666@mailinator.com,0132ffdf-c042-432d-8d84-e4bd34d5ae25,a515f5c4-b865-48cf-9168-4404f14b3304,1597332764970897
ccdorg-bz6me,RW0UDXH,ccdorg-bz6me_mcsuperuser@mailinator.com,ccdorg-bz6me_mcCcd.user672@mailinator.com,a515f5c4-b865-48cf-9168-4404f14b3304,59fe2c36-191e-46dc-bfbf-e91b57f09e2a,1597332776802880
ccdorg-bz6me,RW0UDXH,ccdorg-bz6me_mcsuperuser@mailinator.com,ccdorg-bz6me_mcCcd.user68@mailinator.com,59fe2c36-191e-46dc-bfbf-e91b57f09e2a,67d8c2ff-d9d2-4ae8-a5ff-fac38a30653e,1597332789539339
ccdorg-bz6me,RW0UDXH,ccdorg-bz6me_mcsuperuser@mailinator.com,ccdorg-bz6me_mcCcd.user684@mailinator.com,67d8c2ff-d9d2-4ae8-a5ff-fac38a30653e,426beaf6-8a07-415f-800e-467eabbdfa58,1597332802473888
ccdorg-bz6me,RW0UDXH,ccdorg-bz6me_mcsuperuser@mailinator.com,ccdorg-bz6me_mcCcd.user690@mailinator.com,426beaf6-8a07-415f-800e-467eabbdfa58,95b4942d-d846-4cb5-baad-94b7a616fada,1597332815922822
ccdorg-bz6me,RW0UDXH,ccdorg-bz6me_mcsuperuser@mailinator.com,ccdorg-bz6me_mcCcd.user696@mailinator.com,95b4942d-d846-4cb5-baad-94b7a616fada,f5d92113-3133-4e7e-8951-a4a5214ff25b,1597332828620850
ccdorg-bz6me,RW0UDXH,ccdorg-bz6me_mcsuperuser@mailinator.com,ccdorg-bz6me_mcCcd.user702@mailinator.com,f5d92113-3133-4e7e-8951-a4a5214ff25b,35a33631-ec6c-4654-a400-5481c7c77e80,1597332842051520
ccdorg-bz6me,RW0UDXH,ccdorg-bz6me_mcsuperuser@mailinator.com,ccdorg-bz6me_mcCcd.user708@mailinator.com,35a33631-ec6c-4654-a400-5481c7c77e80,bb975271-01c1-4b1c-92d1-c5859fee1b1d,1597332855188672
ccdorg-bz6me,RW0UDXH,ccdorg-bz6me_mcsuperuser@mailinator.com,ccdorg-bz6me_mcCcd.user720@mailinator.com,bb975271-01c1-4b1c-92d1-c5859fee1b1d,48fa9c00-67a1-4538-ae4f-a08a0635f8a1,1597332868483300
ccdorg-bz6me,RW0UDXH,ccdorg-bz6me_mcsuperuser@mailinator.com,ccdorg-bz6me_mcCcd.user724@mailinator.com,48fa9c00-67a1-4538-ae4f-a08a0635f8a1,ee0d07c9-42b0-48be-9e18-a2233fe95026,1597332881873719
ccdorg-bz6me,RW0UDXH,ccdorg-bz6me_mcsuperuser@mailinator.com,ccdorg-bz6me_mcCcd.user731@mailinator.com,ee0d07c9-42b0-48be-9e18-a2233fe95026,2292dcd6-87ba-4ae9-b896-a087cd89a2d6,1597332894736333
ccdorg-bz6me,RW0UDXH,ccdorg-bz6me_mcsuperuser@mailinator.com,ccdorg-bz6me_mcCcd.user742@mailinator.com,2292dcd6-87ba-4ae9-b896-a087cd89a2d6,60a46d5d-2fc5-46a0-a7a7-9590f6b0fa6a,1597332907858603
ccdorg-bz6me,RW0UDXH,ccdorg-bz6me_mcsuperuser@mailinator.com,ccdorg-bz6me_mcCcd.user80@mailinator.com,60a46d5d-2fc5-46a0-a7a7-9590f6b0fa6a,6a8b274b-15aa-4b16-a72f-9e0b1d8d4df2,1597332920645508
ccdorg-bz6me,RW0UDXH,ccdorg-bz6me_mcsuperuser@mailinator.com,ccdorg-bz6me_mcCcd.user85@mailinator.com,6a8b274b-15aa-4b16-a72f-9e0b1d8d4df2,8e9bc2eb-83c8-435e-a03e-2f53254fb685,1597332933971750
ccdorg-bz6me,RW0UDXH,ccdorg-bz6me_mcsuperuser@mailinator.com,ccdorg-bz6me_mcCcd.user93@mailinator.com,8e9bc2eb-83c8-435e-a03e-2f53254fb685,bc82364c-10bc-4c45-992c-895a2a2adb3f,1597332946585811
ccdorg-bz6me,RW0UDXH,ccdorg-bz6me_mcsuperuser@mailinator.com,ccdorg-bz6me_mcCcd.user98@mailinator.com,bc82364c-10bc-4c45-992c-895a2a2adb3f,807b4d1e-cf10-48b9-8894-a0913c77b542,1597332965826112
ccdorg-tm5jf,S814PGV,ccdorg-tm5jf_mcsuperuser@mailinator.com,ccdorg-tm5jf_mcCcd.user180@mailinator.com,394d976a-f025-4c2f-971c-9bc70aa59f32,705ec392-49da-4662-b0e1-1c05dd05a2b7,1597332973197670
ccdorg-tm5jf,S814PGV,ccdorg-tm5jf_mcsuperuser@mailinator.com,ccdorg-tm5jf_mcCcd.user188@mailinator.com,705ec392-49da-4662-b0e1-1c05dd05a2b7,487e97e8-0c5d-45c9-a02b-9faec5f6a2e2,1597332986479396
ccdorg-tm5jf,S814PGV,ccdorg-tm5jf_mcsuperuser@mailinator.com,ccdorg-tm5jf_mcCcd.user226@mailinator.com,487e97e8-0c5d-45c9-a02b-9faec5f6a2e2,4601e178-6fc7-4505-9919-1508ac295550,1597332999336849
ccdorg-tm5jf,S814PGV,ccdorg-tm5jf_mcsuperuser@mailinator.com,ccdorg-tm5jf_mcCcd.user235@mailinator.com,4601e178-6fc7-4505-9919-1508ac295550,d0bfd272-2125-480d-87ed-95dc63d7c406,1597333013435260
ccdorg-tm5jf,S814PGV,ccdorg-tm5jf_mcsuperuser@mailinator.com,ccdorg-tm5jf_mcCcd.user248@mailinator.com,d0bfd272-2125-480d-87ed-95dc63d7c406,a3d8ed0f-1767-444e-baf9-68bed21c2be8,1597333025157159
ccdorg-tm5jf,S814PGV,ccdorg-tm5jf_mcsuperuser@mailinator.com,ccdorg-tm5jf_mcCcd.user254@mailinator.com,a3d8ed0f-1767-444e-baf9-68bed21c2be8,ad1a684a-0b99-4472-8fc1-e65193a59a77,1597333037612704
ccdorg-tm5jf,S814PGV,ccdorg-tm5jf_mcsuperuser@mailinator.com,ccdorg-tm5jf_mcCcd.user258@mailinator.com,ad1a684a-0b99-4472-8fc1-e65193a59a77,b3b3ad6d-33e5-41a0-a7fc-ec7d099a04fb,1597333051567669
ccdorg-tm5jf,S814PGV,ccdorg-tm5jf_mcsuperuser@mailinator.com,ccdorg-tm5jf_mcCcd.user260@mailinator.com,b3b3ad6d-33e5-41a0-a7fc-ec7d099a04fb,8d82e719-7c90-48ad-93ff-00d8cad5022c,1597333064519954
ccdorg-tm5jf,S814PGV,ccdorg-tm5jf_mcsuperuser@mailinator.com,ccdorg-tm5jf_mcCcd.user54@mailinator.com,8d82e719-7c90-48ad-93ff-00d8cad5022c,dfb0e948-e362-4ad6-8928-9b81d85b4787,1597333077709501
ccdorg-tm5jf,S814PGV,ccdorg-tm5jf_mcsuperuser@mailinator.com,ccdorg-tm5jf_mcCcd.user70@mailinator.com,dfb0e948-e362-4ad6-8928-9b81d85b4787,394d976a-f025-4c2f-971c-9bc70aa59f32,1597333090827496
ccdorg-uhxk2,ARUB3WI,ccdorg-uhxk2_mcsuperuser@mailinator.com,ccdorg-uhxk2_mcCcd.user109@mailinator.com,d142579b-c6bd-4595-81e8-1c01f10aeb3a,f3dde095-c14d-417c-91df-d4c0b09d77b1,1597333104183407
ccdorg-uhxk2,ARUB3WI,ccdorg-uhxk2_mcsuperuser@mailinator.com,ccdorg-uhxk2_mcCcd.user115@mailinator.com,f3dde095-c14d-417c-91df-d4c0b09d77b1,03fd5056-27bb-4ced-a806-25e9c66256b0,1597333116722705
ccdorg-uhxk2,ARUB3WI,ccdorg-uhxk2_mcsuperuser@mailinator.com,ccdorg-uhxk2_mcCcd.user119@mailinator.com,03fd5056-27bb-4ced-a806-25e9c66256b0,cf4aa65c-d78c-4df7-b773-4c0c3f5c3d0d,1597333129808574
ccdorg-uhxk2,ARUB3WI,ccdorg-uhxk2_mcsuperuser@mailinator.com,ccdorg-uhxk2_mcCcd.user124@mailinator.com,cf4aa65c-d78c-4df7-b773-4c0c3f5c3d0d,c71cff03-b8c1-4d33-8af6-23ec5b05ec23,1597333143173500
ccdorg-uhxk2,ARUB3WI,ccdorg-uhxk2_mcsuperuser@mailinator.com,ccdorg-uhxk2_mcCcd.user131@mailinator.com,c71cff03-b8c1-4d33-8af6-23ec5b05ec23,138bf7e2-1b3a-40a4-89da-63074dfffe77,1597333156309439
ccdorg-uhxk2,ARUB3WI,ccdorg-uhxk2_mcsuperuser@mailinator.com,ccdorg-uhxk2_mcCcd.user136@mailinator.com,138bf7e2-1b3a-40a4-89da-63074dfffe77,29ce1b3b-eed3-455a-8ca0-d75de92ec0d8,1597333169319987
ccdorg-uhxk2,ARUB3WI,ccdorg-uhxk2_mcsuperuser@mailinator.com,ccdorg-uhxk2_mcCcd.user147@mailinator.com,29ce1b3b-eed3-455a-8ca0-d75de92ec0d8,d3eecffc-f654-4196-82e7-56e77798b53c,1597333183895897
ccdorg-uhxk2,ARUB3WI,ccdorg-uhxk2_mcsuperuser@mailinator.com,ccdorg-uhxk2_mcCcd.user154@mailinator.com,d3eecffc-f654-4196-82e7-56e77798b53c,24f43c26-6f7f-47ed-b99f-2119c9abf68c,1597333194703387
ccdorg-uhxk2,ARUB3WI,ccdorg-uhxk2_mcsuperuser@mailinator.com,ccdorg-uhxk2_mcCcd.user155@mailinator.com,24f43c26-6f7f-47ed-b99f-2119c9abf68c,8a14dc58-dd16-4beb-8328-e0badc0ef37a,1597333207685050
ccdorg-uhxk2,ARUB3WI,ccdorg-uhxk2_mcsuperuser@mailinator.com,ccdorg-uhxk2_mcCcd.user162@mailinator.com,8a14dc58-dd16-4beb-8328-e0badc0ef37a,b2237dc9-9682-4ea4-9ebc-8e3d91ea33f7,1597333220566865
ccdorg-uhxk2,ARUB3WI,ccdorg-uhxk2_mcsuperuser@mailinator.com,ccdorg-uhxk2_mcCcd.user163@mailinator.com,b2237dc9-9682-4ea4-9ebc-8e3d91ea33f7,e84277fe-dde2-40e9-9e49-b21a0c71b377,1597333234895458
ccdorg-uhxk2,ARUB3WI,ccdorg-uhxk2_mcsuperuser@mailinator.com,ccdorg-uhxk2_mcCcd.user176@mailinator.com,e84277fe-dde2-40e9-9e49-b21a0c71b377,25137c0a-49f7-45ba-a0d4-162495c245d9,1597333247731039
ccdorg-uhxk2,ARUB3WI,ccdorg-uhxk2_mcsuperuser@mailinator.com,ccdorg-uhxk2_mcCcd.user183@mailinator.com,25137c0a-49f7-45ba-a0d4-162495c245d9,a8a34490-3d52-4b1c-9243-5617f8b660d2,1597333260659372
ccdorg-uhxk2,ARUB3WI,ccdorg-uhxk2_mcsuperuser@mailinator.com,ccdorg-uhxk2_mcCcd.user191@mailinator.com,a8a34490-3d52-4b1c-9243-5617f8b660d2,177d6127-6a46-4a21-9fb6-2f9fb09dff0e,1597333273476590
ccdorg-uhxk2,ARUB3WI,ccdorg-uhxk2_mcsuperuser@mailinator.com,ccdorg-uhxk2_mcCcd.user206@mailinator.com,177d6127-6a46-4a21-9fb6-2f9fb09dff0e,8e894501-75c2-46f4-9717-16ab89bccd64,1597333286490976
ccdorg-uhxk2,ARUB3WI,ccdorg-uhxk2_mcsuperuser@mailinator.com,ccdorg-uhxk2_mcCcd.user214@mailinator.com,8e894501-75c2-46f4-9717-16ab89bccd64,31795760-2880-4674-9112-773199b15c2e,1597333300217769
ccdorg-uhxk2,ARUB3WI,ccdorg-uhxk2_mcsuperuser@mailinator.com,ccdorg-uhxk2_mcCcd.user221@mailinator.com,31795760-2880-4674-9112-773199b15c2e,61c008e5-3419-40c2-ab60-dcde1a86d717,1597333312791140
ccdorg-uhxk2,ARUB3WI,ccdorg-uhxk2_mcsuperuser@mailinator.com,ccdorg-uhxk2_mcCcd.user227@mailinator.com,61c008e5-3419-40c2-ab60-dcde1a86d717,07245e4a-dd81-4c32-950d-79f86f1ee841,1597333325364471
ccdorg-uhxk2,ARUB3WI,ccdorg-uhxk2_mcsuperuser@mailinator.com,ccdorg-uhxk2_mcCcd.user231@mailinator.com,07245e4a-dd81-4c32-950d-79f86f1ee841,ece83901-bd7b-4b1a-bbbd-28721be9d5f8,1597333338884903
ccdorg-uhxk2,ARUB3WI,ccdorg-uhxk2_mcsuperuser@mailinator.com,ccdorg-uhxk2_mcCcd.user244@mailinator.com,ece83901-bd7b-4b1a-bbbd-28721be9d5f8,bf33452b-e8dc-4e4b-8392-b036944d83d1,1597333352723961
ccdorg-uhxk2,ARUB3WI,ccdorg-uhxk2_mcsuperuser@mailinator.com,ccdorg-uhxk2_mcCcd.user245@mailinator.com,bf33452b-e8dc-4e4b-8392-b036944d83d1,fe7f9e94-9967-485e-8794-4121269aaf95,1597333365158270
ccdorg-uhxk2,ARUB3WI,ccdorg-uhxk2_mcsuperuser@mailinator.com,ccdorg-uhxk2_mcCcd.user251@mailinator.com,fe7f9e94-9967-485e-8794-4121269aaf95,286079bf-6318-43c3-9b9e-9970cffe9f48,1597333378783361
ccdorg-uhxk2,ARUB3WI,ccdorg-uhxk2_mcsuperuser@mailinator.com,ccdorg-uhxk2_mcCcd.user254@mailinator.com,286079bf-6318-43c3-9b9e-9970cffe9f48,e039f201-4025-49f7-96ce-b53914dce627,1597333390839589
ccdorg-uhxk2,ARUB3WI,ccdorg-uhxk2_mcsuperuser@mailinator.com,ccdorg-uhxk2_mcCcd.user256@mailinator.com,e039f201-4025-49f7-96ce-b53914dce627,8c3be706-6493-4a10-baf9-e778b7c6b180,1597333404217525
ccdorg-uhxk2,ARUB3WI,ccdorg-uhxk2_mcsuperuser@mailinator.com,ccdorg-uhxk2_mcCcd.user292@mailinator.com,8c3be706-6493-4a10-baf9-e778b7c6b180,21dd6def-9bb1-4e78-bee7-3e05da25a46d,1597333417410414
ccdorg-uhxk2,ARUB3WI,ccdorg-uhxk2_mcsuperuser@mailinator.com,ccdorg-uhxk2_mcCcd.user325@mailinator.com,21dd6def-9bb1-4e78-bee7-3e05da25a46d,bad5374c-4cd1-4bb1-9e87-6cb101fe8c77,1597333430607806
ccdorg-uhxk2,ARUB3WI,ccdorg-uhxk2_mcsuperuser@mailinator.com,ccdorg-uhxk2_mcCcd.user335@mailinator.com,bad5374c-4cd1-4bb1-9e87-6cb101fe8c77,f9d894d3-bfeb-4e07-8d75-6a20046f5a1c,1597333443822657
ccdorg-uhxk2,ARUB3WI,ccdorg-uhxk2_mcsuperuser@mailinator.com,ccdorg-uhxk2_mcCcd.user356@mailinator.com,f9d894d3-bfeb-4e07-8d75-6a20046f5a1c,e2aacd11-581b-464b-84ef-e1814edf2fae,1597333456794132
ccdorg-uhxk2,ARUB3WI,ccdorg-uhxk2_mcsuperuser@mailinator.com,ccdorg-uhxk2_mcCcd.user363@mailinator.com,e2aacd11-581b-464b-84ef-e1814edf2fae,132fc883-3e6c-4382-a1d5-fd11445b01c6,1597333469969879
ccdorg-uhxk2,ARUB3WI,ccdorg-uhxk2_mcsuperuser@mailinator.com,ccdorg-uhxk2_mcCcd.user369@mailinator.com,132fc883-3e6c-4382-a1d5-fd11445b01c6,c711cf63-08fc-43a0-8eaa-7c89f8b129f1,1597333482884337
ccdorg-uhxk2,ARUB3WI,ccdorg-uhxk2_mcsuperuser@mailinator.com,ccdorg-uhxk2_mcCcd.user375@mailinator.com,c711cf63-08fc-43a0-8eaa-7c89f8b129f1,03403cbb-cd52-47f9-aea2-d529fd699d62,1597333498657115
ccdorg-uhxk2,ARUB3WI,ccdorg-uhxk2_mcsuperuser@mailinator.com,ccdorg-uhxk2_mcCcd.user390@mailinator.com,03403cbb-cd52-47f9-aea2-d529fd699d62,6d829071-d141-48c8-8463-d9172e658eaf,1597333508749340
ccdorg-uhxk2,ARUB3WI,ccdorg-uhxk2_mcsuperuser@mailinator.com,ccdorg-uhxk2_mcCcd.user403@mailinator.com,6d829071-d141-48c8-8463-d9172e658eaf,594eaf82-59a7-4de8-9c86-2e16ac6893ed,1597333521606212
ccdorg-uhxk2,ARUB3WI,ccdorg-uhxk2_mcsuperuser@mailinator.com,ccdorg-uhxk2_mcCcd.user409@mailinator.com,594eaf82-59a7-4de8-9c86-2e16ac6893ed,68840ebf-3f36-40a1-b3f2-fd537f39f602,1597333534899671
ccdorg-uhxk2,ARUB3WI,ccdorg-uhxk2_mcsuperuser@mailinator.com,ccdorg-uhxk2_mcCcd.user415@mailinator.com,68840ebf-3f36-40a1-b3f2-fd537f39f602,0fe24dd5-5cfe-4e2f-b3cd-fa91a0c447e0,1597333548047713
ccdorg-uhxk2,ARUB3WI,ccdorg-uhxk2_mcsuperuser@mailinator.com,ccdorg-uhxk2_mcCcd.user421@mailinator.com,0fe24dd5-5cfe-4e2f-b3cd-fa91a0c447e0,6b312d5a-f58c-4757-9379-c18f6e135570,1597333561611767
ccdorg-uhxk2,ARUB3WI,ccdorg-uhxk2_mcsuperuser@mailinator.com,ccdorg-uhxk2_mcCcd.user428@mailinator.com,6b312d5a-f58c-4757-9379-c18f6e135570,72ce047a-6ed1-441d-8f0d-944c60be550a,1597333574149003
ccdorg-uhxk2,ARUB3WI,ccdorg-uhxk2_mcsuperuser@mailinator.com,ccdorg-uhxk2_mcCcd.user439@mailinator.com,72ce047a-6ed1-441d-8f0d-944c60be550a,873df6bb-55d7-4aac-ac48-5a2e5225a4f1,1597333586844575
ccdorg-uhxk2,ARUB3WI,ccdorg-uhxk2_mcsuperuser@mailinator.com,ccdorg-uhxk2_mcCcd.user445@mailinator.com,873df6bb-55d7-4aac-ac48-5a2e5225a4f1,179618c0-7e8a-4fff-ab70-c48ff7d944b8,1597333600488839
ccdorg-uhxk2,ARUB3WI,ccdorg-uhxk2_mcsuperuser@mailinator.com,ccdorg-uhxk2_mcCcd.user451@mailinator.com,179618c0-7e8a-4fff-ab70-c48ff7d944b8,03962430-db2a-496d-89bb-972aff792326,1597333613333287
ccdorg-uhxk2,ARUB3WI,ccdorg-uhxk2_mcsuperuser@mailinator.com,ccdorg-uhxk2_mcCcd.user470@mailinator.com,03962430-db2a-496d-89bb-972aff792326,12e25d29-b717-44a9-a3cc-990bbdf3a1df,1597333626853867
ccdorg-uhxk2,ARUB3WI,ccdorg-uhxk2_mcsuperuser@mailinator.com,ccdorg-uhxk2_mcCcd.user477@mailinator.com,12e25d29-b717-44a9-a3cc-990bbdf3a1df,1701ed1f-3735-4ab2-b330-bc7600782ea1,1597333639605882
ccdorg-uhxk2,ARUB3WI,ccdorg-uhxk2_mcsuperuser@mailinator.com,ccdorg-uhxk2_mcCcd.user483@mailinator.com,1701ed1f-3735-4ab2-b330-bc7600782ea1,0c2f0d8b-0636-424a-a08e-ec267e2a8b11,1597333652340029
ccdorg-uhxk2,ARUB3WI,ccdorg-uhxk2_mcsuperuser@mailinator.com,ccdorg-uhxk2_mcCcd.user489@mailinator.com,0c2f0d8b-0636-424a-a08e-ec267e2a8b11,c6c3a769-59a7-4542-88bf-f6ba09f54fe4,1597333666568433
ccdorg-uhxk2,ARUB3WI,ccdorg-uhxk2_mcsuperuser@mailinator.com,ccdorg-uhxk2_mcCcd.user493@mailinator.com,c6c3a769-59a7-4542-88bf-f6ba09f54fe4,c3901695-6fa3-4831-b17f-a760b72d41ec,1597333678693310
ccdorg-uhxk2,ARUB3WI,ccdorg-uhxk2_mcsuperuser@mailinator.com,ccdorg-uhxk2_mcCcd.user499@mailinator.com,c3901695-6fa3-4831-b17f-a760b72d41ec,8139afa8-b309-489e-872c-547bcfed676b,1597333691686069
ccdorg-uhxk2,ARUB3WI,ccdorg-uhxk2_mcsuperuser@mailinator.com,ccdorg-uhxk2_mcCcd.user511@mailinator.com,8139afa8-b309-489e-872c-547bcfed676b,9698ad60-f208-4e99-8a74-7cade6013b25,1597333705032466
ccdorg-uhxk2,ARUB3WI,ccdorg-uhxk2_mcsuperuser@mailinator.com,ccdorg-uhxk2_mcCcd.user518@mailinator.com,9698ad60-f208-4e99-8a74-7cade6013b25,303d63e4-6446-43ad-b5b6-2d98b358e5b0,1597333718493762
ccdorg-uhxk2,ARUB3WI,ccdorg-uhxk2_mcsuperuser@mailinator.com,ccdorg-uhxk2_mcCcd.user524@mailinator.com,303d63e4-6446-43ad-b5b6-2d98b358e5b0,a92563da-134a-47b4-a896-b50b366b25ea,1597333731315950
ccdorg-uhxk2,ARUB3WI,ccdorg-uhxk2_mcsuperuser@mailinator.com,ccdorg-uhxk2_mcCcd.user536@mailinator.com,a92563da-134a-47b4-a896-b50b366b25ea,153447a6-b532-46c4-9626-d3ac1a752b38,1597333744988488
ccdorg-uhxk2,ARUB3WI,ccdorg-uhxk2_mcsuperuser@mailinator.com,ccdorg-uhxk2_mcCcd.user548@mailinator.com,153447a6-b532-46c4-9626-d3ac1a752b38,95baf2eb-f744-4faf-9765-14cadf12065c,1597333756935047
ccdorg-uhxk2,ARUB3WI,ccdorg-uhxk2_mcsuperuser@mailinator.com,ccdorg-uhxk2_mcCcd.user560@mailinator.com,95baf2eb-f744-4faf-9765-14cadf12065c,ff8116c2-0bae-4828-b8f3-e41a9eaecc69,1597333769350234
ccdorg-uhxk2,ARUB3WI,ccdorg-uhxk2_mcsuperuser@mailinator.com,ccdorg-uhxk2_mcCcd.user567@mailinator.com,ff8116c2-0bae-4828-b8f3-e41a9eaecc69,888642e3-1cf4-43a0-aa0a-c8b418b28ad1,1597333783409743
ccdorg-uhxk2,ARUB3WI,ccdorg-uhxk2_mcsuperuser@mailinator.com,ccdorg-uhxk2_mcCcd.user580@mailinator.com,888642e3-1cf4-43a0-aa0a-c8b418b28ad1,876f4d19-7bef-44fd-a74a-2aaeda784280,1597333796683920
ccdorg-uhxk2,ARUB3WI,ccdorg-uhxk2_mcsuperuser@mailinator.com,ccdorg-uhxk2_mcCcd.user59@mailinator.com,876f4d19-7bef-44fd-a74a-2aaeda784280,bb12d725-d938-4f7d-9d38-96fde9cfe41c,1597333809444344
ccdorg-uhxk2,ARUB3WI,ccdorg-uhxk2_mcsuperuser@mailinator.com,ccdorg-uhxk2_mcCcd.user611@mailinator.com,bb12d725-d938-4f7d-9d38-96fde9cfe41c,6d7ab571-84b1-42d9-841c-eab398171467,1597333822685253
ccdorg-uhxk2,ARUB3WI,ccdorg-uhxk2_mcsuperuser@mailinator.com,ccdorg-uhxk2_mcCcd.user616@mailinator.com,6d7ab571-84b1-42d9-841c-eab398171467,5587ed40-2310-4184-9df4-ae9a5bd8a4f4,1597333835540008
ccdorg-uhxk2,ARUB3WI,ccdorg-uhxk2_mcsuperuser@mailinator.com,ccdorg-uhxk2_mcCcd.user622@mailinator.com,5587ed40-2310-4184-9df4-ae9a5bd8a4f4,e87e322e-5463-4cd1-8f18-0c1a586d2f24,1597333849271913
ccdorg-uhxk2,ARUB3WI,ccdorg-uhxk2_mcsuperuser@mailinator.com,ccdorg-uhxk2_mcCcd.user635@mailinator.com,e87e322e-5463-4cd1-8f18-0c1a586d2f24,c4a4c536-acc5-4b4a-8133-8759aa1f026e,1597333861812321
ccdorg-uhxk2,ARUB3WI,ccdorg-uhxk2_mcsuperuser@mailinator.com,ccdorg-uhxk2_mcCcd.user640@mailinator.com,c4a4c536-acc5-4b4a-8133-8759aa1f026e,af440de7-b38b-4e51-8a9b-e433b430f0bb,1597333874580618
ccdorg-uhxk2,ARUB3WI,ccdorg-uhxk2_mcsuperuser@mailinator.com,ccdorg-uhxk2_mcCcd.user646@mailinator.com,af440de7-b38b-4e51-8a9b-e433b430f0bb,c9a1c191-f439-4a80-b7f5-a49b6a555dcc,1597333889750115
ccdorg-uhxk2,ARUB3WI,ccdorg-uhxk2_mcsuperuser@mailinator.com,ccdorg-uhxk2_mcCcd.user652@mailinator.com,c9a1c191-f439-4a80-b7f5-a49b6a555dcc,dda98708-b955-45a1-9f22-1fec2db27366,1597333903557900
ccdorg-uhxk2,ARUB3WI,ccdorg-uhxk2_mcsuperuser@mailinator.com,ccdorg-uhxk2_mcCcd.user658@mailinator.com,dda98708-b955-45a1-9f22-1fec2db27366,593a4617-4998-48c4-b763-b077d8b12d8d,1597333914304888
ccdorg-uhxk2,ARUB3WI,ccdorg-uhxk2_mcsuperuser@mailinator.com,ccdorg-uhxk2_mcCcd.user670@mailinator.com,593a4617-4998-48c4-b763-b077d8b12d8d,f88262d1-f28f-4cbb-ae13-2031ec4fcf8e,1597333927465908
ccdorg-uhxk2,ARUB3WI,ccdorg-uhxk2_mcsuperuser@mailinator.com,ccdorg-uhxk2_mcCcd.user68@mailinator.com,f88262d1-f28f-4cbb-ae13-2031ec4fcf8e,115a58d1-8e3b-466f-b8b3-2b986d3fe209,1597333940840517
ccdorg-uhxk2,ARUB3WI,ccdorg-uhxk2_mcsuperuser@mailinator.com,ccdorg-uhxk2_mcCcd.user688@mailinator.com,115a58d1-8e3b-466f-b8b3-2b986d3fe209,d385c886-4597-4399-a0c2-094b4461f0bb,1597333955116381
ccdorg-uhxk2,ARUB3WI,ccdorg-uhxk2_mcsuperuser@mailinator.com,ccdorg-uhxk2_mcCcd.user719@mailinator.com,d385c886-4597-4399-a0c2-094b4461f0bb,47cd99d9-fb26-46d3-a35c-3a05cf8f345e,1597333966843585
ccdorg-uhxk2,ARUB3WI,ccdorg-uhxk2_mcsuperuser@mailinator.com,ccdorg-uhxk2_mcCcd.user722@mailinator.com,47cd99d9-fb26-46d3-a35c-3a05cf8f345e,be850ae5-461e-42e3-9b94-b7dfcbb2c6a7,1597333979628361
ccdorg-uhxk2,ARUB3WI,ccdorg-uhxk2_mcsuperuser@mailinator.com,ccdorg-uhxk2_mcCcd.user733@mailinator.com,be850ae5-461e-42e3-9b94-b7dfcbb2c6a7,936b9c23-58a1-4206-91ce-1d874e7096bb,1597333992546525
ccdorg-uhxk2,ARUB3WI,ccdorg-uhxk2_mcsuperuser@mailinator.com,ccdorg-uhxk2_mcCcd.user739@mailinator.com,936b9c23-58a1-4206-91ce-1d874e7096bb,05a18990-6d6d-46d7-9521-b780d7d59e70,1597334006015465
ccdorg-uhxk2,ARUB3WI,ccdorg-uhxk2_mcsuperuser@mailinator.com,ccdorg-uhxk2_mcCcd.user743@mailinator.com,05a18990-6d6d-46d7-9521-b780d7d59e70,f2255441-189f-4bf9-9b61-08d8580bd8e7,1597334018442012
ccdorg-uhxk2,ARUB3WI,ccdorg-uhxk2_mcsuperuser@mailinator.com,ccdorg-uhxk2_mcCcd.user77@mailinator.com,f2255441-189f-4bf9-9b61-08d8580bd8e7,a20b7b2f-1381-486b-81bf-24c3c7af6660,1597334031931728
ccdorg-uhxk2,ARUB3WI,ccdorg-uhxk2_mcsuperuser@mailinator.com,ccdorg-uhxk2_mcCcd.user94@mailinator.com,a20b7b2f-1381-486b-81bf-24c3c7af6660,d142579b-c6bd-4595-81e8-1c01f10aeb3a,1597334045467693
ccdorg-vcqaa,U6IG0HQ,ccdorg-vcqaa_mcsuperuser@mailinator.com,ccdorg-vcqaa_mcCcd.user111@mailinator.com,2874ec79-ae2c-4a0c-9d40-48a2bee87052,ffcec329-871e-4e32-b104-01641fa638a7,1597334057450223
ccdorg-vcqaa,U6IG0HQ,ccdorg-vcqaa_mcsuperuser@mailinator.com,ccdorg-vcqaa_mcCcd.user120@mailinator.com,ffcec329-871e-4e32-b104-01641fa638a7,553d0172-bed3-47d9-af37-65588d8b2a5f,1597334070393020
ccdorg-vcqaa,U6IG0HQ,ccdorg-vcqaa_mcsuperuser@mailinator.com,ccdorg-vcqaa_mcCcd.user127@mailinator.com,553d0172-bed3-47d9-af37-65588d8b2a5f,d9150ad4-ad11-44a8-81a3-e2b44ebca4f8,1597334083736538
ccdorg-vcqaa,U6IG0HQ,ccdorg-vcqaa_mcsuperuser@mailinator.com,ccdorg-vcqaa_mcCcd.user128@mailinator.com,d9150ad4-ad11-44a8-81a3-e2b44ebca4f8,e5e32363-145c-46f2-9f10-e8a20c101b12,1597334096205448
ccdorg-vcqaa,U6IG0HQ,ccdorg-vcqaa_mcsuperuser@mailinator.com,ccdorg-vcqaa_mcCcd.user138@mailinator.com,e5e32363-145c-46f2-9f10-e8a20c101b12,e7a4414f-fcaa-40bd-8515-81f015c9e801,1597334110919271
ccdorg-vcqaa,U6IG0HQ,ccdorg-vcqaa_mcsuperuser@mailinator.com,ccdorg-vcqaa_mcCcd.user146@mailinator.com,e7a4414f-fcaa-40bd-8515-81f015c9e801,44649189-d51c-46c7-b0df-19334d8cef9e,1597334123633380
ccdorg-vcqaa,U6IG0HQ,ccdorg-vcqaa_mcsuperuser@mailinator.com,ccdorg-vcqaa_mcCcd.user151@mailinator.com,44649189-d51c-46c7-b0df-19334d8cef9e,168d6f92-081c-4230-bb87-9a9a14a1c06e,1597334137948469
ccdorg-vcqaa,U6IG0HQ,ccdorg-vcqaa_mcsuperuser@mailinator.com,ccdorg-vcqaa_mcCcd.user165@mailinator.com,168d6f92-081c-4230-bb87-9a9a14a1c06e,6271d03c-4c47-45d4-bc0a-d626f1333043,1597334150907061
ccdorg-vcqaa,U6IG0HQ,ccdorg-vcqaa_mcsuperuser@mailinator.com,ccdorg-vcqaa_mcCcd.user174@mailinator.com,6271d03c-4c47-45d4-bc0a-d626f1333043,18c0bf55-4855-4be4-9565-eb7d7cef2187,1597334162844245
ccdorg-vcqaa,U6IG0HQ,ccdorg-vcqaa_mcsuperuser@mailinator.com,ccdorg-vcqaa_mcCcd.user175@mailinator.com,18c0bf55-4855-4be4-9565-eb7d7cef2187,6c87287e-7ae3-44d6-9790-62f1347d8a49,1597334175756071
ccdorg-vcqaa,U6IG0HQ,ccdorg-vcqaa_mcsuperuser@mailinator.com,ccdorg-vcqaa_mcCcd.user189@mailinator.com,6c87287e-7ae3-44d6-9790-62f1347d8a49,70d3a6be-54c1-4afe-a705-0701402d85fa,1597334188670574
ccdorg-vcqaa,U6IG0HQ,ccdorg-vcqaa_mcsuperuser@mailinator.com,ccdorg-vcqaa_mcCcd.user197@mailinator.com,70d3a6be-54c1-4afe-a705-0701402d85fa,8e9cd45a-36e1-452b-be2a-e851c8488b03,1597334204470306
ccdorg-vcqaa,U6IG0HQ,ccdorg-vcqaa_mcsuperuser@mailinator.com,ccdorg-vcqaa_mcCcd.user213@mailinator.com,8e9cd45a-36e1-452b-be2a-e851c8488b03,40c2c9c5-8671-4341-8d76-7298e5297741,1597334214858250
ccdorg-vcqaa,U6IG0HQ,ccdorg-vcqaa_mcsuperuser@mailinator.com,ccdorg-vcqaa_mcCcd.user220@mailinator.com,40c2c9c5-8671-4341-8d76-7298e5297741,ee1bc17f-91ac-4873-a2c2-c86f620b7c00,1597334227464633
ccdorg-vcqaa,U6IG0HQ,ccdorg-vcqaa_mcsuperuser@mailinator.com,ccdorg-vcqaa_mcCcd.user228@mailinator.com,ee1bc17f-91ac-4873-a2c2-c86f620b7c00,31df162d-e488-4389-87b8-3db594a2c958,1597334240592287
ccdorg-vcqaa,U6IG0HQ,ccdorg-vcqaa_mcsuperuser@mailinator.com,ccdorg-vcqaa_mcCcd.user236@mailinator.com,31df162d-e488-4389-87b8-3db594a2c958,cd4d7809-c0e9-4aff-bdca-4be8720bb04a,1597334254579022
ccdorg-vcqaa,U6IG0HQ,ccdorg-vcqaa_mcsuperuser@mailinator.com,ccdorg-vcqaa_mcCcd.user242@mailinator.com,cd4d7809-c0e9-4aff-bdca-4be8720bb04a,8766131d-fcbf-4727-ac5b-a8130fcd239e,1597334266832302
ccdorg-vcqaa,U6IG0HQ,ccdorg-vcqaa_mcsuperuser@mailinator.com,ccdorg-vcqaa_mcCcd.user249@mailinator.com,8766131d-fcbf-4727-ac5b-a8130fcd239e,443d4778-dc3b-44c5-a05e-112a10d5d1ca,1597334280100256
ccdorg-vcqaa,U6IG0HQ,ccdorg-vcqaa_mcsuperuser@mailinator.com,ccdorg-vcqaa_mcCcd.user251@mailinator.com,443d4778-dc3b-44c5-a05e-112a10d5d1ca,828447d3-6ae1-4ffc-ba50-95a0bfd3c649,1597334293189569
ccdorg-vcqaa,U6IG0HQ,ccdorg-vcqaa_mcsuperuser@mailinator.com,ccdorg-vcqaa_mcCcd.user255@mailinator.com,828447d3-6ae1-4ffc-ba50-95a0bfd3c649,81ad6504-1167-494d-8367-423fb3d5fd44,1597334307441188
ccdorg-vcqaa,U6IG0HQ,ccdorg-vcqaa_mcsuperuser@mailinator.com,ccdorg-vcqaa_mcCcd.user259@mailinator.com,81ad6504-1167-494d-8367-423fb3d5fd44,77a170a8-782c-48d0-b343-8565b669c129,1597334320596885
ccdorg-vcqaa,U6IG0HQ,ccdorg-vcqaa_mcsuperuser@mailinator.com,ccdorg-vcqaa_mcCcd.user260@mailinator.com,77a170a8-782c-48d0-b343-8565b669c129,2d634150-94e9-4ba9-aaeb-2ff7f65e9c2b,1597334334578358
ccdorg-vcqaa,U6IG0HQ,ccdorg-vcqaa_mcsuperuser@mailinator.com,ccdorg-vcqaa_mcCcd.user269@mailinator.com,2d634150-94e9-4ba9-aaeb-2ff7f65e9c2b,481fc8d4-edaf-4a0b-864e-d606f4906d08,1597334346579717
ccdorg-vcqaa,U6IG0HQ,ccdorg-vcqaa_mcsuperuser@mailinator.com,ccdorg-vcqaa_mcCcd.user278@mailinator.com,481fc8d4-edaf-4a0b-864e-d606f4906d08,cf938390-cef7-45cd-9e56-8ed9dd03dbcb,1597334359186004
ccdorg-vcqaa,U6IG0HQ,ccdorg-vcqaa_mcsuperuser@mailinator.com,ccdorg-vcqaa_mcCcd.user286@mailinator.com,cf938390-cef7-45cd-9e56-8ed9dd03dbcb,38ea0d7f-b73e-426b-ba06-76083358e638,1597334372253641
ccdorg-vcqaa,U6IG0HQ,ccdorg-vcqaa_mcsuperuser@mailinator.com,ccdorg-vcqaa_mcCcd.user346@mailinator.com,38ea0d7f-b73e-426b-ba06-76083358e638,91353cf7-f5a2-429d-9a95-608f4084ffa9,1597334384501243
ccdorg-vcqaa,U6IG0HQ,ccdorg-vcqaa_mcsuperuser@mailinator.com,ccdorg-vcqaa_mcCcd.user357@mailinator.com,91353cf7-f5a2-429d-9a95-608f4084ffa9,d472f8b8-23d1-487c-a439-ae1617c92120,1597334397308552
ccdorg-vcqaa,U6IG0HQ,ccdorg-vcqaa_mcsuperuser@mailinator.com,ccdorg-vcqaa_mcCcd.user361@mailinator.com,d472f8b8-23d1-487c-a439-ae1617c92120,ae3466d8-f5cd-4520-8db3-e7adf553ac5b,1597334410635197
ccdorg-vcqaa,U6IG0HQ,ccdorg-vcqaa_mcsuperuser@mailinator.com,ccdorg-vcqaa_mcCcd.user367@mailinator.com,ae3466d8-f5cd-4520-8db3-e7adf553ac5b,18ddf7b9-0b3d-4930-8f64-8122e46bcc70,1597334423255413
ccdorg-vcqaa,U6IG0HQ,ccdorg-vcqaa_mcsuperuser@mailinator.com,ccdorg-vcqaa_mcCcd.user374@mailinator.com,18ddf7b9-0b3d-4930-8f64-8122e46bcc70,6c5efdd0-216b-4e07-b5c6-33ba005a9680,1597334436571699
ccdorg-vcqaa,U6IG0HQ,ccdorg-vcqaa_mcsuperuser@mailinator.com,ccdorg-vcqaa_mcCcd.user386@mailinator.com,6c5efdd0-216b-4e07-b5c6-33ba005a9680,5ace7531-24f5-483b-acce-d3a302addddc,1597334449376979
ccdorg-vcqaa,U6IG0HQ,ccdorg-vcqaa_mcsuperuser@mailinator.com,ccdorg-vcqaa_mcCcd.user392@mailinator.com,5ace7531-24f5-483b-acce-d3a302addddc,f0ea0eb3-f5bc-4fc5-8df3-2dad351ef760,1597334462228099
ccdorg-vcqaa,U6IG0HQ,ccdorg-vcqaa_mcsuperuser@mailinator.com,ccdorg-vcqaa_mcCcd.user406@mailinator.com,f0ea0eb3-f5bc-4fc5-8df3-2dad351ef760,2c3c9ba6-cccf-45dd-a495-4ad4c8898ecc,1597334475338521
ccdorg-vcqaa,U6IG0HQ,ccdorg-vcqaa_mcsuperuser@mailinator.com,ccdorg-vcqaa_mcCcd.user412@mailinator.com,2c3c9ba6-cccf-45dd-a495-4ad4c8898ecc,e22c67b9-5e7e-4e38-9121-909ba96f44ed,1597334488541707
ccdorg-vcqaa,U6IG0HQ,ccdorg-vcqaa_mcsuperuser@mailinator.com,ccdorg-vcqaa_mcCcd.user423@mailinator.com,e22c67b9-5e7e-4e38-9121-909ba96f44ed,b55abcb1-511f-469d-9085-0922f1e36dc0,1597338160699287
ccdorg-vcqaa,U6IG0HQ,ccdorg-vcqaa_mcsuperuser@mailinator.com,ccdorg-vcqaa_mcCcd.user430@mailinator.com,b55abcb1-511f-469d-9085-0922f1e36dc0,693018df-76e7-4bf0-bb9b-ffd35e01e7f6,1597334517416343
ccdorg-vcqaa,U6IG0HQ,ccdorg-vcqaa_mcsuperuser@mailinator.com,ccdorg-vcqaa_mcCcd.user442@mailinator.com,693018df-76e7-4bf0-bb9b-ffd35e01e7f6,5e0e51ad-d869-4f86-ab9b-4c5456e41122,1597334535080766
ccdorg-vcqaa,U6IG0HQ,ccdorg-vcqaa_mcsuperuser@mailinator.com,ccdorg-vcqaa_mcCcd.user449@mailinator.com,5e0e51ad-d869-4f86-ab9b-4c5456e41122,5e099bff-5012-4765-aeb2-0b52bd10e8ba,1597334543176903
ccdorg-vcqaa,U6IG0HQ,ccdorg-vcqaa_mcsuperuser@mailinator.com,ccdorg-vcqaa_mcCcd.user455@mailinator.com,5e099bff-5012-4765-aeb2-0b52bd10e8ba,7d8d1bf2-5dd3-4f42-8543-afee33327acf,1597334555025592
ccdorg-vcqaa,U6IG0HQ,ccdorg-vcqaa_mcsuperuser@mailinator.com,ccdorg-vcqaa_mcCcd.user466@mailinator.com,7d8d1bf2-5dd3-4f42-8543-afee33327acf,42a353e9-6d04-48cd-8a16-42fb94a34f02,1597334568111116
ccdorg-vcqaa,U6IG0HQ,ccdorg-vcqaa_mcsuperuser@mailinator.com,ccdorg-vcqaa_mcCcd.user473@mailinator.com,42a353e9-6d04-48cd-8a16-42fb94a34f02,49fda4c6-8411-453a-86ab-64d7061418fc,1597334580883999
ccdorg-vcqaa,U6IG0HQ,ccdorg-vcqaa_mcsuperuser@mailinator.com,ccdorg-vcqaa_mcCcd.user480@mailinator.com,49fda4c6-8411-453a-86ab-64d7061418fc,43262eda-f747-4867-b92c-e12c46514db3,1597334593411242
ccdorg-vcqaa,U6IG0HQ,ccdorg-vcqaa_mcsuperuser@mailinator.com,ccdorg-vcqaa_mcCcd.user486@mailinator.com,43262eda-f747-4867-b92c-e12c46514db3,3e03f0fa-f1bc-4968-9828-70f022c1bb62,1597334606875680
ccdorg-vcqaa,U6IG0HQ,ccdorg-vcqaa_mcsuperuser@mailinator.com,ccdorg-vcqaa_mcCcd.user495@mailinator.com,3e03f0fa-f1bc-4968-9828-70f022c1bb62,59ea0739-e459-4069-8eff-6c526e712a89,1597334619522030
ccdorg-vcqaa,U6IG0HQ,ccdorg-vcqaa_mcsuperuser@mailinator.com,ccdorg-vcqaa_mcCcd.user500@mailinator.com,59ea0739-e459-4069-8eff-6c526e712a89,96332026-cabd-4544-a9ed-782f81ee9578,1597334632838942
ccdorg-vcqaa,U6IG0HQ,ccdorg-vcqaa_mcsuperuser@mailinator.com,ccdorg-vcqaa_mcCcd.user51@mailinator.com,96332026-cabd-4544-a9ed-782f81ee9578,b95640bf-14fe-48a2-b88e-0d0fcd7b819f,1597334646009498
ccdorg-vcqaa,U6IG0HQ,ccdorg-vcqaa_mcsuperuser@mailinator.com,ccdorg-vcqaa_mcCcd.user513@mailinator.com,b95640bf-14fe-48a2-b88e-0d0fcd7b819f,3048140c-9a30-4167-b84e-773348eea25f,1597334658508452
ccdorg-vcqaa,U6IG0HQ,ccdorg-vcqaa_mcsuperuser@mailinator.com,ccdorg-vcqaa_mcCcd.user519@mailinator.com,3048140c-9a30-4167-b84e-773348eea25f,853d2e9a-9250-4efb-93ba-6d55b2b834c3,1597334671894749
ccdorg-vcqaa,U6IG0HQ,ccdorg-vcqaa_mcsuperuser@mailinator.com,ccdorg-vcqaa_mcCcd.user525@mailinator.com,853d2e9a-9250-4efb-93ba-6d55b2b834c3,5f49ead3-4f13-45da-850a-4220e640cf6c,1597334685731283
ccdorg-vcqaa,U6IG0HQ,ccdorg-vcqaa_mcsuperuser@mailinator.com,ccdorg-vcqaa_mcCcd.user55@mailinator.com,5f49ead3-4f13-45da-850a-4220e640cf6c,270ba81f-8d31-43c3-92a1-a9a86c8d4189,1597334699712097
ccdorg-vcqaa,U6IG0HQ,ccdorg-vcqaa_mcsuperuser@mailinator.com,ccdorg-vcqaa_mcCcd.user559@mailinator.com,270ba81f-8d31-43c3-92a1-a9a86c8d4189,2c235621-a68b-46f4-b23d-b0009aa86690,1597334711924100
ccdorg-vcqaa,U6IG0HQ,ccdorg-vcqaa_mcsuperuser@mailinator.com,ccdorg-vcqaa_mcCcd.user60@mailinator.com,2c235621-a68b-46f4-b23d-b0009aa86690,e7c74f3b-b22c-40e6-b74f-6420d4219462,1597334725632244
ccdorg-vcqaa,U6IG0HQ,ccdorg-vcqaa_mcsuperuser@mailinator.com,ccdorg-vcqaa_mcCcd.user608@mailinator.com,e7c74f3b-b22c-40e6-b74f-6420d4219462,a40ff594-c5e6-4af1-ae90-7696e6c31950,1597334738587476
ccdorg-vcqaa,U6IG0HQ,ccdorg-vcqaa_mcsuperuser@mailinator.com,ccdorg-vcqaa_mcCcd.user633@mailinator.com,a40ff594-c5e6-4af1-ae90-7696e6c31950,4ae2821e-7316-4b3c-9f99-3a4c6039b5ef,1597334750690877
ccdorg-vcqaa,U6IG0HQ,ccdorg-vcqaa_mcsuperuser@mailinator.com,ccdorg-vcqaa_mcCcd.user639@mailinator.com,4ae2821e-7316-4b3c-9f99-3a4c6039b5ef,107c9c21-a58b-4b39-aaf7-7a6c5fd41b52,1597334763347887
ccdorg-vcqaa,U6IG0HQ,ccdorg-vcqaa_mcsuperuser@mailinator.com,ccdorg-vcqaa_mcCcd.user651@mailinator.com,107c9c21-a58b-4b39-aaf7-7a6c5fd41b52,b00a2bbd-9349-4ff1-9b57-18fa39a6d950,1597334776579617
ccdorg-vcqaa,U6IG0HQ,ccdorg-vcqaa_mcsuperuser@mailinator.com,ccdorg-vcqaa_mcCcd.user656@mailinator.com,b00a2bbd-9349-4ff1-9b57-18fa39a6d950,728c83e9-ddda-4f45-ad01-bb36982e76a6,1597334789710712
ccdorg-vcqaa,U6IG0HQ,ccdorg-vcqaa_mcsuperuser@mailinator.com,ccdorg-vcqaa_mcCcd.user669@mailinator.com,728c83e9-ddda-4f45-ad01-bb36982e76a6,ba59356a-6615-4363-a8c9-4d9ab2f194f5,1597334802306852
ccdorg-vcqaa,U6IG0HQ,ccdorg-vcqaa_mcsuperuser@mailinator.com,ccdorg-vcqaa_mcCcd.user685@mailinator.com,ba59356a-6615-4363-a8c9-4d9ab2f194f5,85ed10a4-f2f6-4efb-8af3-416e5727e569,1597334815783584
ccdorg-vcqaa,U6IG0HQ,ccdorg-vcqaa_mcsuperuser@mailinator.com,ccdorg-vcqaa_mcCcd.user71@mailinator.com,85ed10a4-f2f6-4efb-8af3-416e5727e569,06d01e21-edb0-4059-a030-2e846a396235,1597334828733386
ccdorg-vcqaa,U6IG0HQ,ccdorg-vcqaa_mcsuperuser@mailinator.com,ccdorg-vcqaa_mcCcd.user717@mailinator.com,06d01e21-edb0-4059-a030-2e846a396235,4c997de2-3497-4a09-afad-7eb2d46dac06,1597334841524820
ccdorg-vcqaa,U6IG0HQ,ccdorg-vcqaa_mcsuperuser@mailinator.com,ccdorg-vcqaa_mcCcd.user726@mailinator.com,4c997de2-3497-4a09-afad-7eb2d46dac06,5f87f8d8-f908-426d-bffd-c8ea6bb777a5,1597334854559416
ccdorg-vcqaa,U6IG0HQ,ccdorg-vcqaa_mcsuperuser@mailinator.com,ccdorg-vcqaa_mcCcd.user732@mailinator.com,5f87f8d8-f908-426d-bffd-c8ea6bb777a5,d564a56d-16ce-4618-a53c-4b0eae305a28,1597334868556804
ccdorg-vcqaa,U6IG0HQ,ccdorg-vcqaa_mcsuperuser@mailinator.com,ccdorg-vcqaa_mcCcd.user741@mailinator.com,d564a56d-16ce-4618-a53c-4b0eae305a28,0b3dad0e-87e3-4cc7-a18f-224e743a279b,1597334881718126
ccdorg-vcqaa,U6IG0HQ,ccdorg-vcqaa_mcsuperuser@mailinator.com,ccdorg-vcqaa_mcCcd.user78@mailinator.com,0b3dad0e-87e3-4cc7-a18f-224e743a279b,0b3dad0e-87e3-4cc7-a18f-224e743a279b,1597334894411602
ccdorg-vcqaa,U6IG0HQ,ccdorg-vcqaa_mcsuperuser@mailinator.com,ccdorg-vcqaa_mcCcd.user78@mailinator.com,0b3dad0e-87e3-4cc7-a18f-224e743a279b,34cfb807-a7a2-4ddc-8761-c626e86eed73,1597334908512239
ccdorg-vcqaa,U6IG0HQ,ccdorg-vcqaa_mcsuperuser@mailinator.com,ccdorg-vcqaa_mcCcd.user95@mailinator.com,34cfb807-a7a2-4ddc-8761-c626e86eed73,2874ec79-ae2c-4a0c-9d40-48a2bee87052,1597334921877676
ccdorg-wxd8m,HRPJWKJ,ccdorg-wxd8m_mcsuperuser@mailinator.com,ccdorg-wxd8m_mcCcd.user106@mailinator.com,6701250b-2df6-45c7-ba31-80404f46e81c,a495b1bb-9558-4ded-a1f2-1047548cf22f,1597334934194911
ccdorg-wxd8m,HRPJWKJ,ccdorg-wxd8m_mcsuperuser@mailinator.com,ccdorg-wxd8m_mcCcd.user114@mailinator.com,a495b1bb-9558-4ded-a1f2-1047548cf22f,04624062-b82a-4830-8cba-7ff43b54d131,1597334946918133
ccdorg-wxd8m,HRPJWKJ,ccdorg-wxd8m_mcsuperuser@mailinator.com,ccdorg-wxd8m_mcCcd.user116@mailinator.com,04624062-b82a-4830-8cba-7ff43b54d131,8a660ac3-5f42-46f8-9bb3-8c7330bc1eaa,1597334960448447
ccdorg-wxd8m,HRPJWKJ,ccdorg-wxd8m_mcsuperuser@mailinator.com,ccdorg-wxd8m_mcCcd.user123@mailinator.com,8a660ac3-5f42-46f8-9bb3-8c7330bc1eaa,8a660ac3-5f42-46f8-9bb3-8c7330bc1eaa,1597334972497135
ccdorg-wxd8m,HRPJWKJ,ccdorg-wxd8m_mcsuperuser@mailinator.com,ccdorg-wxd8m_mcCcd.user123@mailinator.com,8a660ac3-5f42-46f8-9bb3-8c7330bc1eaa,f45bfb5c-ab3b-45de-a918-ccde11939cd0,1597334985560762
ccdorg-wxd8m,HRPJWKJ,ccdorg-wxd8m_mcsuperuser@mailinator.com,ccdorg-wxd8m_mcCcd.user130@mailinator.com,f45bfb5c-ab3b-45de-a918-ccde11939cd0,ee8a8ab3-9877-4c80-b486-cd76d8054360,1597334998382980
ccdorg-wxd8m,HRPJWKJ,ccdorg-wxd8m_mcsuperuser@mailinator.com,ccdorg-wxd8m_mcCcd.user133@mailinator.com,ee8a8ab3-9877-4c80-b486-cd76d8054360,4e70f3ce-d1b0-4a48-8e14-821d0537adb5,1597335012043540
ccdorg-wxd8m,HRPJWKJ,ccdorg-wxd8m_mcsuperuser@mailinator.com,ccdorg-wxd8m_mcCcd.user142@mailinator.com,4e70f3ce-d1b0-4a48-8e14-821d0537adb5,4e70f3ce-d1b0-4a48-8e14-821d0537adb5,1597335024993476
ccdorg-wxd8m,HRPJWKJ,ccdorg-wxd8m_mcsuperuser@mailinator.com,ccdorg-wxd8m_mcCcd.user142@mailinator.com,4e70f3ce-d1b0-4a48-8e14-821d0537adb5,edf04ec7-b5aa-4528-9780-606ed03dc12d,1597335038319692
ccdorg-wxd8m,HRPJWKJ,ccdorg-wxd8m_mcsuperuser@mailinator.com,ccdorg-wxd8m_mcCcd.user149@mailinator.com,edf04ec7-b5aa-4528-9780-606ed03dc12d,7c648dd1-da05-4814-9183-52437962e4c2,1597335052173447
ccdorg-wxd8m,HRPJWKJ,ccdorg-wxd8m_mcsuperuser@mailinator.com,ccdorg-wxd8m_mcCcd.user152@mailinator.com,7c648dd1-da05-4814-9183-52437962e4c2,aa55b299-3e86-451c-89c7-be7f32e859a2,1597335065177849
ccdorg-wxd8m,HRPJWKJ,ccdorg-wxd8m_mcsuperuser@mailinator.com,ccdorg-wxd8m_mcCcd.user158@mailinator.com,aa55b299-3e86-451c-89c7-be7f32e859a2,b4c367f3-9e84-44c3-8ad9-ef2aab8317ff,1597335077742622
ccdorg-wxd8m,HRPJWKJ,ccdorg-wxd8m_mcsuperuser@mailinator.com,ccdorg-wxd8m_mcCcd.user167@mailinator.com,b4c367f3-9e84-44c3-8ad9-ef2aab8317ff,b4c367f3-9e84-44c3-8ad9-ef2aab8317ff,1597335090946978
ccdorg-wxd8m,HRPJWKJ,ccdorg-wxd8m_mcsuperuser@mailinator.com,ccdorg-wxd8m_mcCcd.user167@mailinator.com,b4c367f3-9e84-44c3-8ad9-ef2aab8317ff,efeaf3d3-b1c2-4ff2-a395-6926611d1ac0,1597335104149734
ccdorg-wxd8m,HRPJWKJ,ccdorg-wxd8m_mcsuperuser@mailinator.com,ccdorg-wxd8m_mcCcd.user177@mailinator.com,efeaf3d3-b1c2-4ff2-a395-6926611d1ac0,7ca03474-8e6f-4c18-9989-4f2974f41108,1597335116467496
ccdorg-wxd8m,HRPJWKJ,ccdorg-wxd8m_mcsuperuser@mailinator.com,ccdorg-wxd8m_mcCcd.user185@mailinator.com,7ca03474-8e6f-4c18-9989-4f2974f41108,7ca03474-8e6f-4c18-9989-4f2974f41108,1597335129524366
ccdorg-wxd8m,HRPJWKJ,ccdorg-wxd8m_mcsuperuser@mailinator.com,ccdorg-wxd8m_mcCcd.user185@mailinator.com,7ca03474-8e6f-4c18-9989-4f2974f41108,425ef1aa-d42c-4d87-8828-4fdfd7fdb487,1597335143581038
ccdorg-wxd8m,HRPJWKJ,ccdorg-wxd8m_mcsuperuser@mailinator.com,ccdorg-wxd8m_mcCcd.user187@mailinator.com,425ef1aa-d42c-4d87-8828-4fdfd7fdb487,799dc1bf-f81a-40fa-a156-6515d8edbb26,1597335156764315
ccdorg-wxd8m,HRPJWKJ,ccdorg-wxd8m_mcsuperuser@mailinator.com,ccdorg-wxd8m_mcCcd.user194@mailinator.com,799dc1bf-f81a-40fa-a156-6515d8edbb26,ce950440-3753-4645-af42-78d735851eb4,1597335168879366
ccdorg-wxd8m,HRPJWKJ,ccdorg-wxd8m_mcsuperuser@mailinator.com,ccdorg-wxd8m_mcCcd.user195@mailinator.com,ce950440-3753-4645-af42-78d735851eb4,7dac4858-623c-46fb-a855-c03867e51339,1597335181408086
ccdorg-wxd8m,HRPJWKJ,ccdorg-wxd8m_mcsuperuser@mailinator.com,ccdorg-wxd8m_mcCcd.user202@mailinator.com,7dac4858-623c-46fb-a855-c03867e51339,7dac4858-623c-46fb-a855-c03867e51339,1597335194962210
ccdorg-wxd8m,HRPJWKJ,ccdorg-wxd8m_mcsuperuser@mailinator.com,ccdorg-wxd8m_mcCcd.user202@mailinator.com,7dac4858-623c-46fb-a855-c03867e51339,5256ad34-0a3c-4300-8c21-34aaea5c702c,1597335207309854
ccdorg-wxd8m,HRPJWKJ,ccdorg-wxd8m_mcsuperuser@mailinator.com,ccdorg-wxd8m_mcCcd.user205@mailinator.com,5256ad34-0a3c-4300-8c21-34aaea5c702c,423e38b4-9b46-4383-acf7-75037acc55b6,1597335220461435
ccdorg-wxd8m,HRPJWKJ,ccdorg-wxd8m_mcsuperuser@mailinator.com,ccdorg-wxd8m_mcCcd.user211@mailinator.com,423e38b4-9b46-4383-acf7-75037acc55b6,c4fbd214-1518-424c-923d-60e1c96aa97d,1597335234799044
ccdorg-wxd8m,HRPJWKJ,ccdorg-wxd8m_mcsuperuser@mailinator.com,ccdorg-wxd8m_mcCcd.user215@mailinator.com,c4fbd214-1518-424c-923d-60e1c96aa97d,6365988c-87e8-4d3c-ba44-f05316d3da79,1597335247621276
ccdorg-wxd8m,HRPJWKJ,ccdorg-wxd8m_mcsuperuser@mailinator.com,ccdorg-wxd8m_mcCcd.user222@mailinator.com,6365988c-87e8-4d3c-ba44-f05316d3da79,ee6392bf-933a-469d-97f3-e6ea76829ac0,1597335260864225
ccdorg-wxd8m,HRPJWKJ,ccdorg-wxd8m_mcsuperuser@mailinator.com,ccdorg-wxd8m_mcCcd.user229@mailinator.com,ee6392bf-933a-469d-97f3-e6ea76829ac0,ac4c3658-6690-4d47-8994-004512f01337,1597335274303384
ccdorg-wxd8m,HRPJWKJ,ccdorg-wxd8m_mcsuperuser@mailinator.com,ccdorg-wxd8m_mcCcd.user230@mailinator.com,ac4c3658-6690-4d47-8994-004512f01337,0711bdf2-dde5-45d3-b8aa-d3265a364961,1597335286464778
ccdorg-wxd8m,HRPJWKJ,ccdorg-wxd8m_mcsuperuser@mailinator.com,ccdorg-wxd8m_mcCcd.user238@mailinator.com,0711bdf2-dde5-45d3-b8aa-d3265a364961,fc12b325-9e8b-445b-a1ea-dba096646ac9,1597335299696960
ccdorg-wxd8m,HRPJWKJ,ccdorg-wxd8m_mcsuperuser@mailinator.com,ccdorg-wxd8m_mcCcd.user248@mailinator.com,fc12b325-9e8b-445b-a1ea-dba096646ac9,79db45d5-15bc-4d74-b542-e05c66df6659,1597335312769802
ccdorg-wxd8m,HRPJWKJ,ccdorg-wxd8m_mcsuperuser@mailinator.com,ccdorg-wxd8m_mcCcd.user274@mailinator.com,79db45d5-15bc-4d74-b542-e05c66df6659,b78255f7-6550-476e-9b76-a5346eb993e9,1597335326326409
ccdorg-wxd8m,HRPJWKJ,ccdorg-wxd8m_mcsuperuser@mailinator.com,ccdorg-wxd8m_mcCcd.user293@mailinator.com,b78255f7-6550-476e-9b76-a5346eb993e9,93c86b22-8c6d-4588-827e-71a7ffebfb4e,1597335339308360
ccdorg-wxd8m,HRPJWKJ,ccdorg-wxd8m_mcsuperuser@mailinator.com,ccdorg-wxd8m_mcCcd.user327@mailinator.com,93c86b22-8c6d-4588-827e-71a7ffebfb4e,63043da1-f05c-4791-8c82-5a2ea7e82d47,1597335352713322
ccdorg-wxd8m,HRPJWKJ,ccdorg-wxd8m_mcsuperuser@mailinator.com,ccdorg-wxd8m_mcCcd.user343@mailinator.com,63043da1-f05c-4791-8c82-5a2ea7e82d47,332dad0b-109e-445c-96fc-15afb5638757,1597335365191326
ccdorg-wxd8m,HRPJWKJ,ccdorg-wxd8m_mcsuperuser@mailinator.com,ccdorg-wxd8m_mcCcd.user351@mailinator.com,332dad0b-109e-445c-96fc-15afb5638757,d1cebb9b-d645-4384-bf6e-ecf185abdc0a,1597335377864548
ccdorg-wxd8m,HRPJWKJ,ccdorg-wxd8m_mcsuperuser@mailinator.com,ccdorg-wxd8m_mcCcd.user358@mailinator.com,d1cebb9b-d645-4384-bf6e-ecf185abdc0a,b76681ab-73a2-4dce-ba36-95fd785b699a,1597335390531678
ccdorg-wxd8m,HRPJWKJ,ccdorg-wxd8m_mcsuperuser@mailinator.com,ccdorg-wxd8m_mcCcd.user364@mailinator.com,b76681ab-73a2-4dce-ba36-95fd785b699a,d6755e6f-f10f-4c31-8639-26dd6937672c,1597335403813527
ccdorg-wxd8m,HRPJWKJ,ccdorg-wxd8m_mcsuperuser@mailinator.com,ccdorg-wxd8m_mcCcd.user382@mailinator.com,d6755e6f-f10f-4c31-8639-26dd6937672c,cd6f7de7-819b-49b4-93d7-fc2024452f77,1597335417326060
ccdorg-wxd8m,HRPJWKJ,ccdorg-wxd8m_mcsuperuser@mailinator.com,ccdorg-wxd8m_mcCcd.user389@mailinator.com,cd6f7de7-819b-49b4-93d7-fc2024452f77,e975679c-0b65-451f-96d7-824d8a91dab8,1597335430526415
ccdorg-wxd8m,HRPJWKJ,ccdorg-wxd8m_mcsuperuser@mailinator.com,ccdorg-wxd8m_mcCcd.user401@mailinator.com,e975679c-0b65-451f-96d7-824d8a91dab8,ffb08c52-cb4e-4c53-b9df-67f5832582ec,1597335443886749
ccdorg-wxd8m,HRPJWKJ,ccdorg-wxd8m_mcsuperuser@mailinator.com,ccdorg-wxd8m_mcCcd.user407@mailinator.com,ffb08c52-cb4e-4c53-b9df-67f5832582ec,d03e2fb2-b756-43b1-8f78-381837749d36,1597335456418661
ccdorg-wxd8m,HRPJWKJ,ccdorg-wxd8m_mcsuperuser@mailinator.com,ccdorg-wxd8m_mcCcd.user413@mailinator.com,d03e2fb2-b756-43b1-8f78-381837749d36,416a3749-acef-4acb-a70d-cb7cb0de608e,1597335470079606
ccdorg-wxd8m,HRPJWKJ,ccdorg-wxd8m_mcsuperuser@mailinator.com,ccdorg-wxd8m_mcCcd.user420@mailinator.com,416a3749-acef-4acb-a70d-cb7cb0de608e,6cfe29db-889b-4bbc-8648-1344dec1d401,1597335482339170
ccdorg-wxd8m,HRPJWKJ,ccdorg-wxd8m_mcsuperuser@mailinator.com,ccdorg-wxd8m_mcCcd.user426@mailinator.com,6cfe29db-889b-4bbc-8648-1344dec1d401,5dbfbf6e-31fc-4152-addc-5c2ebc21c9b9,1597335495733062
ccdorg-wxd8m,HRPJWKJ,ccdorg-wxd8m_mcsuperuser@mailinator.com,ccdorg-wxd8m_mcCcd.user432@mailinator.com,5dbfbf6e-31fc-4152-addc-5c2ebc21c9b9,8f20ce96-628b-4ee0-bc48-fe991ae2defb,1597335508558381
ccdorg-wxd8m,HRPJWKJ,ccdorg-wxd8m_mcsuperuser@mailinator.com,ccdorg-wxd8m_mcCcd.user438@mailinator.com,8f20ce96-628b-4ee0-bc48-fe991ae2defb,a63828d4-bda3-484c-aad6-c168d7c4a7a3,1597335521816436
ccdorg-wxd8m,HRPJWKJ,ccdorg-wxd8m_mcsuperuser@mailinator.com,ccdorg-wxd8m_mcCcd.user444@mailinator.com,a63828d4-bda3-484c-aad6-c168d7c4a7a3,122c9ed8-527d-45b6-872c-7701efa64ce9,1597335536289389
ccdorg-wxd8m,HRPJWKJ,ccdorg-wxd8m_mcsuperuser@mailinator.com,ccdorg-wxd8m_mcCcd.user450@mailinator.com,122c9ed8-527d-45b6-872c-7701efa64ce9,65496216-16b0-438e-8cd2-1acb5324c578,1597335548009049
ccdorg-wxd8m,HRPJWKJ,ccdorg-wxd8m_mcsuperuser@mailinator.com,ccdorg-wxd8m_mcCcd.user456@mailinator.com,65496216-16b0-438e-8cd2-1acb5324c578,9a73fce1-1ddc-48b6-89f5-b28f2768a5d8,1597335561153757
ccdorg-wxd8m,HRPJWKJ,ccdorg-wxd8m_mcsuperuser@mailinator.com,ccdorg-wxd8m_mcCcd.user468@mailinator.com,9a73fce1-1ddc-48b6-89f5-b28f2768a5d8,c4bc23af-3cfa-404a-a78a-5537fb381785,1597335573347660
ccdorg-wxd8m,HRPJWKJ,ccdorg-wxd8m_mcsuperuser@mailinator.com,ccdorg-wxd8m_mcCcd.user472@mailinator.com,c4bc23af-3cfa-404a-a78a-5537fb381785,6c78f123-514f-431c-a59f-327a30d40b0a,1597335586887025
ccdorg-wxd8m,HRPJWKJ,ccdorg-wxd8m_mcsuperuser@mailinator.com,ccdorg-wxd8m_mcCcd.user478@mailinator.com,6c78f123-514f-431c-a59f-327a30d40b0a,f663ee73-320a-4c39-acfc-6613bfbf6eff,1597335600891326
ccdorg-wxd8m,HRPJWKJ,ccdorg-wxd8m_mcsuperuser@mailinator.com,ccdorg-wxd8m_mcCcd.user484@mailinator.com,f663ee73-320a-4c39-acfc-6613bfbf6eff,a1413295-7fa6-4cf6-b471-372a0ec65b3e,1597335613698833
ccdorg-wxd8m,HRPJWKJ,ccdorg-wxd8m_mcsuperuser@mailinator.com,ccdorg-wxd8m_mcCcd.user490@mailinator.com,a1413295-7fa6-4cf6-b471-372a0ec65b3e,15577106-ec4b-4d8f-a763-9054512d3b79,1597335626747338
ccdorg-wxd8m,HRPJWKJ,ccdorg-wxd8m_mcsuperuser@mailinator.com,ccdorg-wxd8m_mcCcd.user496@mailinator.com,15577106-ec4b-4d8f-a763-9054512d3b79,96a4ec7c-4682-4dee-8ce3-16f9436c0e19,1597335640133093
ccdorg-wxd8m,HRPJWKJ,ccdorg-wxd8m_mcsuperuser@mailinator.com,ccdorg-wxd8m_mcCcd.user502@mailinator.com,96a4ec7c-4682-4dee-8ce3-16f9436c0e19,63bb8863-4a5d-4620-bd2c-018239e000bb,1597335652462729
ccdorg-wxd8m,HRPJWKJ,ccdorg-wxd8m_mcsuperuser@mailinator.com,ccdorg-wxd8m_mcCcd.user508@mailinator.com,63bb8863-4a5d-4620-bd2c-018239e000bb,e5d25f26-fdfc-4ee8-a36a-27ab954fce7f,1597335665641996
ccdorg-wxd8m,HRPJWKJ,ccdorg-wxd8m_mcsuperuser@mailinator.com,ccdorg-wxd8m_mcCcd.user514@mailinator.com,e5d25f26-fdfc-4ee8-a36a-27ab954fce7f,632340d1-19a2-4b2d-8727-0de69bb5681c,1597335678350932
ccdorg-wxd8m,HRPJWKJ,ccdorg-wxd8m_mcsuperuser@mailinator.com,ccdorg-wxd8m_mcCcd.user52@mailinator.com,632340d1-19a2-4b2d-8727-0de69bb5681c,0cc29c19-7dd4-4f50-bcd4-c8b1c56876ac,1597335691503426
ccdorg-wxd8m,HRPJWKJ,ccdorg-wxd8m_mcsuperuser@mailinator.com,ccdorg-wxd8m_mcCcd.user520@mailinator.com,0cc29c19-7dd4-4f50-bcd4-c8b1c56876ac,ec333c97-9d6b-4929-a44f-c319cafa1434,1597335704843587
ccdorg-wxd8m,HRPJWKJ,ccdorg-wxd8m_mcsuperuser@mailinator.com,ccdorg-wxd8m_mcCcd.user526@mailinator.com,ec333c97-9d6b-4929-a44f-c319cafa1434,596833e9-f92e-40b0-b696-5f79f916e69f,1597335717881400
ccdorg-wxd8m,HRPJWKJ,ccdorg-wxd8m_mcsuperuser@mailinator.com,ccdorg-wxd8m_mcCcd.user53@mailinator.com,596833e9-f92e-40b0-b696-5f79f916e69f,dc6f608a-4175-48d1-ae93-57d9e8110327,1597335731303365
ccdorg-wxd8m,HRPJWKJ,ccdorg-wxd8m_mcsuperuser@mailinator.com,ccdorg-wxd8m_mcCcd.user538@mailinator.com,dc6f608a-4175-48d1-ae93-57d9e8110327,054363a2-7b7e-401f-9faf-87ef2bfc73f5,1597335744115707
ccdorg-wxd8m,HRPJWKJ,ccdorg-wxd8m_mcsuperuser@mailinator.com,ccdorg-wxd8m_mcCcd.user561@mailinator.com,054363a2-7b7e-401f-9faf-87ef2bfc73f5,6fbb3f55-82e1-4832-9312-4b4dbaba4161,1597335757057622
ccdorg-wxd8m,HRPJWKJ,ccdorg-wxd8m_mcsuperuser@mailinator.com,ccdorg-wxd8m_mcCcd.user607@mailinator.com,6fbb3f55-82e1-4832-9312-4b4dbaba4161,0f5dac3a-1dcc-4c1a-bec4-406dcc22528e,1597335769603363
ccdorg-wxd8m,HRPJWKJ,ccdorg-wxd8m_mcsuperuser@mailinator.com,ccdorg-wxd8m_mcCcd.user61@mailinator.com,0f5dac3a-1dcc-4c1a-bec4-406dcc22528e,248c7ac2-45e1-49f5-9c79-eab9a2b2a780,1597335783562934
ccdorg-wxd8m,HRPJWKJ,ccdorg-wxd8m_mcsuperuser@mailinator.com,ccdorg-wxd8m_mcCcd.user613@mailinator.com,248c7ac2-45e1-49f5-9c79-eab9a2b2a780,0d1cf8f2-57c1-4630-a363-3934e634cda3,1597335796716428
ccdorg-wxd8m,HRPJWKJ,ccdorg-wxd8m_mcsuperuser@mailinator.com,ccdorg-wxd8m_mcCcd.user631@mailinator.com,0d1cf8f2-57c1-4630-a363-3934e634cda3,d6e8c9d3-b774-473d-a27c-dcedffd2ec17,1597335809949651
ccdorg-wxd8m,HRPJWKJ,ccdorg-wxd8m_mcsuperuser@mailinator.com,ccdorg-wxd8m_mcCcd.user637@mailinator.com,d6e8c9d3-b774-473d-a27c-dcedffd2ec17,f1faeb6d-a449-4ec2-8b88-b3c1d165942b,1597335823018681
ccdorg-wxd8m,HRPJWKJ,ccdorg-wxd8m_mcsuperuser@mailinator.com,ccdorg-wxd8m_mcCcd.user649@mailinator.com,f1faeb6d-a449-4ec2-8b88-b3c1d165942b,7c43b3e2-860a-450f-862e-7361282d11da,1597335835322766
ccdorg-wxd8m,HRPJWKJ,ccdorg-wxd8m_mcsuperuser@mailinator.com,ccdorg-wxd8m_mcCcd.user657@mailinator.com,7c43b3e2-860a-450f-862e-7361282d11da,7d07fe87-d5eb-4c77-9dba-f55effa731e1,1597335848577570
ccdorg-wxd8m,HRPJWKJ,ccdorg-wxd8m_mcsuperuser@mailinator.com,ccdorg-wxd8m_mcCcd.user668@mailinator.com,7d07fe87-d5eb-4c77-9dba-f55effa731e1,0c4ee2b7-e9fe-4b56-b2b4-29bf7d38a9ec,1597335861991237
ccdorg-wxd8m,HRPJWKJ,ccdorg-wxd8m_mcsuperuser@mailinator.com,ccdorg-wxd8m_mcCcd.user675@mailinator.com,0c4ee2b7-e9fe-4b56-b2b4-29bf7d38a9ec,f477a0fa-538b-4ff5-be95-9a86f9e65bc9,1597335875189323
ccdorg-wxd8m,HRPJWKJ,ccdorg-wxd8m_mcsuperuser@mailinator.com,ccdorg-wxd8m_mcCcd.user70@mailinator.com,f477a0fa-538b-4ff5-be95-9a86f9e65bc9,a24438c5-ef0e-4436-a8e7-f4fc186e4da0,1597335887443205
ccdorg-wxd8m,HRPJWKJ,ccdorg-wxd8m_mcsuperuser@mailinator.com,ccdorg-wxd8m_mcCcd.user715@mailinator.com,a24438c5-ef0e-4436-a8e7-f4fc186e4da0,73a4131b-7b20-4aa0-ad63-c4416663804b,1597335900639789
ccdorg-wxd8m,HRPJWKJ,ccdorg-wxd8m_mcsuperuser@mailinator.com,ccdorg-wxd8m_mcCcd.user729@mailinator.com,73a4131b-7b20-4aa0-ad63-c4416663804b,3ceeaee5-2d22-4d9d-9c4f-a8f6a8f833ee,1597335914762932
ccdorg-wxd8m,HRPJWKJ,ccdorg-wxd8m_mcsuperuser@mailinator.com,ccdorg-wxd8m_mcCcd.user79@mailinator.com,3ceeaee5-2d22-4d9d-9c4f-a8f6a8f833ee,c411ab75-7332-4fb0-a8a9-c96cb7e4684e,1597335928162046
ccdorg-wxd8m,HRPJWKJ,ccdorg-wxd8m_mcsuperuser@mailinator.com,ccdorg-wxd8m_mcCcd.user96@mailinator.com,c411ab75-7332-4fb0-a8a9-c96cb7e4684e,6701250b-2df6-45c7-ba31-80404f46e81c,1597335940959924