email,idamId
ccdloadtest751@gmail.com,547315
ccdloadtest752@gmail.com,547316
ccdloadtest753@gmail.com,547317
ccdloadtest754@gmail.com,547318
ccdloadtest755@gmail.com,547319
ccdloadtest756@gmail.com,547320
ccdloadtest757@gmail.com,547321
ccdloadtest758@gmail.com,547322
ccdloadtest759@gmail.com,547323
ccdloadtest760@gmail.com,547324
ccdloadtest762@gmail.com,547326
ccdloadtest763@gmail.com,547327
ccdloadtest764@gmail.com,547328
ccdloadtest765@gmail.com,547329
ccdloadtest766@gmail.com,547330
ccdloadtest767@gmail.com,547331
ccdloadtest768@gmail.com,547332
ccdloadtest769@gmail.com,547333
ccdloadtest770@gmail.com,547334
ccdloadtest771@gmail.com,547335
ccdloadtest751@gmail.com,547315
ccdloadtest752@gmail.com,547316
ccdloadtest753@gmail.com,547317
ccdloadtest754@gmail.com,547318
ccdloadtest755@gmail.com,547319
ccdloadtest756@gmail.com,547320
ccdloadtest757@gmail.com,547321
ccdloadtest758@gmail.com,547322
ccdloadtest759@gmail.com,547323
ccdloadtest760@gmail.com,547324
ccdloadtest762@gmail.com,547326
ccdloadtest763@gmail.com,547327
ccdloadtest764@gmail.com,547328
ccdloadtest765@gmail.com,547329
ccdloadtest766@gmail.com,547330
ccdloadtest767@gmail.com,547331
ccdloadtest768@gmail.com,547332
ccdloadtest769@gmail.com,547333
ccdloadtest770@gmail.com,547334
ccdloadtest771@gmail.com,547335
ccdloadtest751@gmail.com,547315
ccdloadtest752@gmail.com,547316
ccdloadtest753@gmail.com,547317
ccdloadtest754@gmail.com,547318
ccdloadtest755@gmail.com,547319
ccdloadtest756@gmail.com,547320
ccdloadtest757@gmail.com,547321
ccdloadtest758@gmail.com,547322
ccdloadtest759@gmail.com,547323
ccdloadtest760@gmail.com,547324
ccdloadtest762@gmail.com,547326
ccdloadtest763@gmail.com,547327
ccdloadtest764@gmail.com,547328
ccdloadtest765@gmail.com,547329
ccdloadtest766@gmail.com,547330
ccdloadtest767@gmail.com,547331
ccdloadtest768@gmail.com,547332
ccdloadtest769@gmail.com,547333
ccdloadtest770@gmail.com,547334
ccdloadtest771@gmail.com,547335
ccdloadtest751@gmail.com,547315
ccdloadtest752@gmail.com,547316
ccdloadtest753@gmail.com,547317
ccdloadtest754@gmail.com,547318
ccdloadtest755@gmail.com,547319
ccdloadtest756@gmail.com,547320
ccdloadtest757@gmail.com,547321
ccdloadtest758@gmail.com,547322
ccdloadtest759@gmail.com,547323
ccdloadtest760@gmail.com,547324
ccdloadtest762@gmail.com,547326
ccdloadtest763@gmail.com,547327
ccdloadtest764@gmail.com,547328
ccdloadtest765@gmail.com,547329
ccdloadtest766@gmail.com,547330
ccdloadtest767@gmail.com,547331
ccdloadtest768@gmail.com,547332
ccdloadtest769@gmail.com,547333
ccdloadtest770@gmail.com,547334
ccdloadtest771@gmail.com,547335
ccdloadtest751@gmail.com,547315
ccdloadtest752@gmail.com,547316
ccdloadtest753@gmail.com,547317
ccdloadtest754@gmail.com,547318
ccdloadtest755@gmail.com,547319
ccdloadtest756@gmail.com,547320
ccdloadtest757@gmail.com,547321
ccdloadtest758@gmail.com,547322
ccdloadtest759@gmail.com,547323
ccdloadtest760@gmail.com,547324
ccdloadtest762@gmail.com,547326
ccdloadtest763@gmail.com,547327
ccdloadtest764@gmail.com,547328
ccdloadtest765@gmail.com,547329
ccdloadtest766@gmail.com,547330
ccdloadtest767@gmail.com,547331
ccdloadtest768@gmail.com,547332
ccdloadtest769@gmail.com,547333
ccdloadtest770@gmail.com,547334
ccdloadtest771@gmail.com,547335
ccdloadtest751@gmail.com,547315
ccdloadtest752@gmail.com,547316
ccdloadtest753@gmail.com,547317
ccdloadtest754@gmail.com,547318
ccdloadtest755@gmail.com,547319
ccdloadtest756@gmail.com,547320
ccdloadtest757@gmail.com,547321
ccdloadtest758@gmail.com,547322
ccdloadtest759@gmail.com,547323
ccdloadtest760@gmail.com,547324
ccdloadtest762@gmail.com,547326
ccdloadtest763@gmail.com,547327
ccdloadtest764@gmail.com,547328
ccdloadtest765@gmail.com,547329
ccdloadtest766@gmail.com,547330
ccdloadtest767@gmail.com,547331
ccdloadtest768@gmail.com,547332
ccdloadtest769@gmail.com,547333
ccdloadtest770@gmail.com,547334
ccdloadtest771@gmail.com,547335
ccdloadtest751@gmail.com,547315
ccdloadtest752@gmail.com,547316
ccdloadtest753@gmail.com,547317
ccdloadtest754@gmail.com,547318
ccdloadtest755@gmail.com,547319
ccdloadtest756@gmail.com,547320
ccdloadtest757@gmail.com,547321
ccdloadtest758@gmail.com,547322
ccdloadtest759@gmail.com,547323
ccdloadtest760@gmail.com,547324
ccdloadtest762@gmail.com,547326
ccdloadtest763@gmail.com,547327
ccdloadtest764@gmail.com,547328
ccdloadtest765@gmail.com,547329
ccdloadtest766@gmail.com,547330
ccdloadtest767@gmail.com,547331
ccdloadtest768@gmail.com,547332
ccdloadtest769@gmail.com,547333
ccdloadtest770@gmail.com,547334
ccdloadtest771@gmail.com,547335
ccdloadtest751@gmail.com,547315
ccdloadtest752@gmail.com,547316
ccdloadtest753@gmail.com,547317
ccdloadtest754@gmail.com,547318
ccdloadtest755@gmail.com,547319
ccdloadtest756@gmail.com,547320
ccdloadtest757@gmail.com,547321
ccdloadtest758@gmail.com,547322
ccdloadtest759@gmail.com,547323
ccdloadtest760@gmail.com,547324
ccdloadtest762@gmail.com,547326
ccdloadtest763@gmail.com,547327
ccdloadtest764@gmail.com,547328
ccdloadtest765@gmail.com,547329
ccdloadtest766@gmail.com,547330
ccdloadtest767@gmail.com,547331
ccdloadtest768@gmail.com,547332
ccdloadtest769@gmail.com,547333
ccdloadtest770@gmail.com,547334
ccdloadtest771@gmail.com,547335
ccdloadtest751@gmail.com,547315
ccdloadtest752@gmail.com,547316
ccdloadtest753@gmail.com,547317
ccdloadtest754@gmail.com,547318
ccdloadtest755@gmail.com,547319
ccdloadtest756@gmail.com,547320
ccdloadtest757@gmail.com,547321
ccdloadtest758@gmail.com,547322
ccdloadtest759@gmail.com,547323
ccdloadtest760@gmail.com,547324
ccdloadtest762@gmail.com,547326
ccdloadtest763@gmail.com,547327
ccdloadtest764@gmail.com,547328
ccdloadtest765@gmail.com,547329
ccdloadtest766@gmail.com,547330
ccdloadtest767@gmail.com,547331
ccdloadtest768@gmail.com,547332
ccdloadtest769@gmail.com,547333
ccdloadtest770@gmail.com,547334
ccdloadtest771@gmail.com,547335
ccdloadtest751@gmail.com,547315
ccdloadtest752@gmail.com,547316
ccdloadtest753@gmail.com,547317
ccdloadtest754@gmail.com,547318
ccdloadtest755@gmail.com,547319
ccdloadtest756@gmail.com,547320
ccdloadtest757@gmail.com,547321
ccdloadtest758@gmail.com,547322
ccdloadtest759@gmail.com,547323
ccdloadtest760@gmail.com,547324
ccdloadtest762@gmail.com,547326
ccdloadtest763@gmail.com,547327
ccdloadtest764@gmail.com,547328
ccdloadtest765@gmail.com,547329
ccdloadtest766@gmail.com,547330
ccdloadtest767@gmail.com,547331
ccdloadtest768@gmail.com,547332
ccdloadtest769@gmail.com,547333
ccdloadtest770@gmail.com,547334
ccdloadtest771@gmail.com,547335
ccdloadtest751@gmail.com,547315
ccdloadtest752@gmail.com,547316
ccdloadtest753@gmail.com,547317
ccdloadtest754@gmail.com,547318
ccdloadtest755@gmail.com,547319
ccdloadtest756@gmail.com,547320
ccdloadtest757@gmail.com,547321
ccdloadtest758@gmail.com,547322
ccdloadtest759@gmail.com,547323
ccdloadtest760@gmail.com,547324
ccdloadtest762@gmail.com,547326
ccdloadtest763@gmail.com,547327
ccdloadtest764@gmail.com,547328
ccdloadtest765@gmail.com,547329
ccdloadtest766@gmail.com,547330
ccdloadtest767@gmail.com,547331
ccdloadtest768@gmail.com,547332
ccdloadtest769@gmail.com,547333
ccdloadtest770@gmail.com,547334
ccdloadtest771@gmail.com,547335
ccdloadtest751@gmail.com,547315
ccdloadtest752@gmail.com,547316
ccdloadtest753@gmail.com,547317
ccdloadtest754@gmail.com,547318
ccdloadtest755@gmail.com,547319
ccdloadtest756@gmail.com,547320
ccdloadtest757@gmail.com,547321
ccdloadtest758@gmail.com,547322
ccdloadtest759@gmail.com,547323
ccdloadtest760@gmail.com,547324
ccdloadtest762@gmail.com,547326
ccdloadtest763@gmail.com,547327
ccdloadtest764@gmail.com,547328
ccdloadtest765@gmail.com,547329
ccdloadtest766@gmail.com,547330
ccdloadtest767@gmail.com,547331
ccdloadtest768@gmail.com,547332
ccdloadtest769@gmail.com,547333
ccdloadtest770@gmail.com,547334
ccdloadtest771@gmail.com,547335
ccdloadtest751@gmail.com,547315
ccdloadtest752@gmail.com,547316
ccdloadtest753@gmail.com,547317
ccdloadtest754@gmail.com,547318
ccdloadtest755@gmail.com,547319
ccdloadtest756@gmail.com,547320
ccdloadtest757@gmail.com,547321
ccdloadtest758@gmail.com,547322
ccdloadtest759@gmail.com,547323
ccdloadtest760@gmail.com,547324
ccdloadtest762@gmail.com,547326
ccdloadtest763@gmail.com,547327
ccdloadtest764@gmail.com,547328
ccdloadtest765@gmail.com,547329
ccdloadtest766@gmail.com,547330
ccdloadtest767@gmail.com,547331
ccdloadtest768@gmail.com,547332
ccdloadtest769@gmail.com,547333
ccdloadtest770@gmail.com,547334
ccdloadtest771@gmail.com,547335
ccdloadtest751@gmail.com,547315
ccdloadtest752@gmail.com,547316
ccdloadtest753@gmail.com,547317
ccdloadtest754@gmail.com,547318
ccdloadtest755@gmail.com,547319
ccdloadtest756@gmail.com,547320
ccdloadtest757@gmail.com,547321
ccdloadtest758@gmail.com,547322
ccdloadtest759@gmail.com,547323
ccdloadtest760@gmail.com,547324
ccdloadtest762@gmail.com,547326
ccdloadtest763@gmail.com,547327
ccdloadtest764@gmail.com,547328
ccdloadtest765@gmail.com,547329
ccdloadtest766@gmail.com,547330
ccdloadtest767@gmail.com,547331
ccdloadtest768@gmail.com,547332
ccdloadtest769@gmail.com,547333
ccdloadtest770@gmail.com,547334
ccdloadtest771@gmail.com,547335
ccdloadtest751@gmail.com,547315
ccdloadtest752@gmail.com,547316
ccdloadtest753@gmail.com,547317
ccdloadtest754@gmail.com,547318
ccdloadtest755@gmail.com,547319
ccdloadtest756@gmail.com,547320
ccdloadtest757@gmail.com,547321
ccdloadtest758@gmail.com,547322
ccdloadtest759@gmail.com,547323
ccdloadtest760@gmail.com,547324
ccdloadtest762@gmail.com,547326
ccdloadtest763@gmail.com,547327
ccdloadtest764@gmail.com,547328
ccdloadtest765@gmail.com,547329
ccdloadtest766@gmail.com,547330
ccdloadtest767@gmail.com,547331
ccdloadtest768@gmail.com,547332
ccdloadtest769@gmail.com,547333
ccdloadtest770@gmail.com,547334
ccdloadtest771@gmail.com,547335
ccdloadtest751@gmail.com,547315
ccdloadtest752@gmail.com,547316
ccdloadtest753@gmail.com,547317
ccdloadtest754@gmail.com,547318
ccdloadtest755@gmail.com,547319
ccdloadtest756@gmail.com,547320
ccdloadtest757@gmail.com,547321
ccdloadtest758@gmail.com,547322
ccdloadtest759@gmail.com,547323
ccdloadtest760@gmail.com,547324
ccdloadtest762@gmail.com,547326
ccdloadtest763@gmail.com,547327
ccdloadtest764@gmail.com,547328
ccdloadtest765@gmail.com,547329
ccdloadtest766@gmail.com,547330
ccdloadtest767@gmail.com,547331
ccdloadtest768@gmail.com,547332
ccdloadtest769@gmail.com,547333
ccdloadtest770@gmail.com,547334
ccdloadtest771@gmail.com,547335
ccdloadtest751@gmail.com,547315
ccdloadtest752@gmail.com,547316
ccdloadtest753@gmail.com,547317
ccdloadtest754@gmail.com,547318
ccdloadtest755@gmail.com,547319
ccdloadtest756@gmail.com,547320
ccdloadtest757@gmail.com,547321
ccdloadtest758@gmail.com,547322
ccdloadtest759@gmail.com,547323
ccdloadtest760@gmail.com,547324
ccdloadtest762@gmail.com,547326
ccdloadtest763@gmail.com,547327
ccdloadtest764@gmail.com,547328
ccdloadtest765@gmail.com,547329
ccdloadtest766@gmail.com,547330
ccdloadtest767@gmail.com,547331
ccdloadtest768@gmail.com,547332
ccdloadtest769@gmail.com,547333
ccdloadtest770@gmail.com,547334
ccdloadtest771@gmail.com,547335
ccdloadtest751@gmail.com,547315
ccdloadtest752@gmail.com,547316
ccdloadtest753@gmail.com,547317
ccdloadtest754@gmail.com,547318
ccdloadtest755@gmail.com,547319
ccdloadtest756@gmail.com,547320
ccdloadtest757@gmail.com,547321
ccdloadtest758@gmail.com,547322
ccdloadtest759@gmail.com,547323
ccdloadtest760@gmail.com,547324
ccdloadtest762@gmail.com,547326
ccdloadtest763@gmail.com,547327
ccdloadtest764@gmail.com,547328
ccdloadtest765@gmail.com,547329
ccdloadtest766@gmail.com,547330
ccdloadtest767@gmail.com,547331
ccdloadtest768@gmail.com,547332
ccdloadtest769@gmail.com,547333
ccdloadtest770@gmail.com,547334
ccdloadtest771@gmail.com,547335
ccdloadtest751@gmail.com,547315
ccdloadtest752@gmail.com,547316
ccdloadtest753@gmail.com,547317
ccdloadtest754@gmail.com,547318
ccdloadtest755@gmail.com,547319
ccdloadtest756@gmail.com,547320
ccdloadtest757@gmail.com,547321
ccdloadtest758@gmail.com,547322
ccdloadtest759@gmail.com,547323
ccdloadtest760@gmail.com,547324
ccdloadtest762@gmail.com,547326
ccdloadtest763@gmail.com,547327
ccdloadtest764@gmail.com,547328
ccdloadtest765@gmail.com,547329
ccdloadtest766@gmail.com,547330
ccdloadtest767@gmail.com,547331
ccdloadtest768@gmail.com,547332
ccdloadtest769@gmail.com,547333
ccdloadtest770@gmail.com,547334
ccdloadtest771@gmail.com,547335
ccdloadtest751@gmail.com,547315
ccdloadtest752@gmail.com,547316
ccdloadtest753@gmail.com,547317
ccdloadtest754@gmail.com,547318
ccdloadtest755@gmail.com,547319
ccdloadtest756@gmail.com,547320
ccdloadtest757@gmail.com,547321
ccdloadtest758@gmail.com,547322
ccdloadtest759@gmail.com,547323
ccdloadtest760@gmail.com,547324
ccdloadtest762@gmail.com,547326
ccdloadtest763@gmail.com,547327
ccdloadtest764@gmail.com,547328
ccdloadtest765@gmail.com,547329
ccdloadtest766@gmail.com,547330
ccdloadtest767@gmail.com,547331
ccdloadtest768@gmail.com,547332
ccdloadtest769@gmail.com,547333
ccdloadtest770@gmail.com,547334
ccdloadtest771@gmail.com,547335
ccdloadtest751@gmail.com,547315
ccdloadtest752@gmail.com,547316
ccdloadtest753@gmail.com,547317
ccdloadtest754@gmail.com,547318
ccdloadtest755@gmail.com,547319
ccdloadtest756@gmail.com,547320
ccdloadtest757@gmail.com,547321
ccdloadtest758@gmail.com,547322
ccdloadtest759@gmail.com,547323
ccdloadtest760@gmail.com,547324
ccdloadtest762@gmail.com,547326
ccdloadtest763@gmail.com,547327
ccdloadtest764@gmail.com,547328
ccdloadtest765@gmail.com,547329
ccdloadtest766@gmail.com,547330
ccdloadtest767@gmail.com,547331
ccdloadtest768@gmail.com,547332
ccdloadtest769@gmail.com,547333
ccdloadtest770@gmail.com,547334
ccdloadtest771@gmail.com,547335
ccdloadtest751@gmail.com,547315
ccdloadtest752@gmail.com,547316
ccdloadtest753@gmail.com,547317
ccdloadtest754@gmail.com,547318
ccdloadtest755@gmail.com,547319
ccdloadtest756@gmail.com,547320
ccdloadtest757@gmail.com,547321
ccdloadtest758@gmail.com,547322
ccdloadtest759@gmail.com,547323
ccdloadtest760@gmail.com,547324
ccdloadtest762@gmail.com,547326
ccdloadtest763@gmail.com,547327
ccdloadtest764@gmail.com,547328
ccdloadtest765@gmail.com,547329
ccdloadtest766@gmail.com,547330
ccdloadtest767@gmail.com,547331
ccdloadtest768@gmail.com,547332
ccdloadtest769@gmail.com,547333
ccdloadtest770@gmail.com,547334
ccdloadtest771@gmail.com,547335
ccdloadtest751@gmail.com,547315
ccdloadtest752@gmail.com,547316
ccdloadtest753@gmail.com,547317
ccdloadtest754@gmail.com,547318
ccdloadtest755@gmail.com,547319
ccdloadtest756@gmail.com,547320
ccdloadtest757@gmail.com,547321
ccdloadtest758@gmail.com,547322
ccdloadtest759@gmail.com,547323
ccdloadtest760@gmail.com,547324
ccdloadtest762@gmail.com,547326
ccdloadtest763@gmail.com,547327
ccdloadtest764@gmail.com,547328
ccdloadtest765@gmail.com,547329
ccdloadtest766@gmail.com,547330
ccdloadtest767@gmail.com,547331
ccdloadtest768@gmail.com,547332
ccdloadtest769@gmail.com,547333
ccdloadtest770@gmail.com,547334
ccdloadtest771@gmail.com,547335
ccdloadtest751@gmail.com,547315
ccdloadtest752@gmail.com,547316
ccdloadtest753@gmail.com,547317
ccdloadtest754@gmail.com,547318
ccdloadtest755@gmail.com,547319
ccdloadtest756@gmail.com,547320
ccdloadtest757@gmail.com,547321
ccdloadtest758@gmail.com,547322
ccdloadtest759@gmail.com,547323
ccdloadtest760@gmail.com,547324
ccdloadtest762@gmail.com,547326
ccdloadtest763@gmail.com,547327
ccdloadtest764@gmail.com,547328
ccdloadtest765@gmail.com,547329
ccdloadtest766@gmail.com,547330
ccdloadtest767@gmail.com,547331
ccdloadtest768@gmail.com,547332
ccdloadtest769@gmail.com,547333
ccdloadtest770@gmail.com,547334
ccdloadtest771@gmail.com,547335
ccdloadtest751@gmail.com,547315
ccdloadtest752@gmail.com,547316
ccdloadtest753@gmail.com,547317
ccdloadtest754@gmail.com,547318
ccdloadtest755@gmail.com,547319
ccdloadtest756@gmail.com,547320
ccdloadtest757@gmail.com,547321
ccdloadtest758@gmail.com,547322
ccdloadtest759@gmail.com,547323
ccdloadtest760@gmail.com,547324
ccdloadtest762@gmail.com,547326
ccdloadtest763@gmail.com,547327
ccdloadtest764@gmail.com,547328
ccdloadtest765@gmail.com,547329
ccdloadtest766@gmail.com,547330
ccdloadtest767@gmail.com,547331
ccdloadtest768@gmail.com,547332
ccdloadtest769@gmail.com,547333
ccdloadtest770@gmail.com,547334
ccdloadtest771@gmail.com,547335
ccdloadtest751@gmail.com,547315
ccdloadtest752@gmail.com,547316
ccdloadtest753@gmail.com,547317
ccdloadtest754@gmail.com,547318
ccdloadtest755@gmail.com,547319
ccdloadtest756@gmail.com,547320
ccdloadtest757@gmail.com,547321
ccdloadtest758@gmail.com,547322
ccdloadtest759@gmail.com,547323
ccdloadtest760@gmail.com,547324
ccdloadtest762@gmail.com,547326
ccdloadtest763@gmail.com,547327
ccdloadtest764@gmail.com,547328
ccdloadtest765@gmail.com,547329
ccdloadtest766@gmail.com,547330
ccdloadtest767@gmail.com,547331
ccdloadtest768@gmail.com,547332
ccdloadtest769@gmail.com,547333
ccdloadtest770@gmail.com,547334
ccdloadtest771@gmail.com,547335
ccdloadtest751@gmail.com,547315
ccdloadtest752@gmail.com,547316
ccdloadtest753@gmail.com,547317
ccdloadtest754@gmail.com,547318
ccdloadtest755@gmail.com,547319
ccdloadtest756@gmail.com,547320
ccdloadtest757@gmail.com,547321
ccdloadtest758@gmail.com,547322
ccdloadtest759@gmail.com,547323
ccdloadtest760@gmail.com,547324
ccdloadtest762@gmail.com,547326
ccdloadtest763@gmail.com,547327
ccdloadtest764@gmail.com,547328
ccdloadtest765@gmail.com,547329
ccdloadtest766@gmail.com,547330
ccdloadtest767@gmail.com,547331
ccdloadtest768@gmail.com,547332
ccdloadtest769@gmail.com,547333
ccdloadtest770@gmail.com,547334
ccdloadtest771@gmail.com,547335
ccdloadtest751@gmail.com,547315
ccdloadtest752@gmail.com,547316
ccdloadtest753@gmail.com,547317
ccdloadtest754@gmail.com,547318
ccdloadtest755@gmail.com,547319
ccdloadtest756@gmail.com,547320
ccdloadtest757@gmail.com,547321
ccdloadtest758@gmail.com,547322
ccdloadtest759@gmail.com,547323
ccdloadtest760@gmail.com,547324
ccdloadtest762@gmail.com,547326
ccdloadtest763@gmail.com,547327
ccdloadtest764@gmail.com,547328
ccdloadtest765@gmail.com,547329
ccdloadtest766@gmail.com,547330
ccdloadtest767@gmail.com,547331
ccdloadtest768@gmail.com,547332
ccdloadtest769@gmail.com,547333
ccdloadtest770@gmail.com,547334
ccdloadtest771@gmail.com,547335
ccdloadtest751@gmail.com,547315
ccdloadtest752@gmail.com,547316
ccdloadtest753@gmail.com,547317
ccdloadtest754@gmail.com,547318
ccdloadtest755@gmail.com,547319
ccdloadtest756@gmail.com,547320
ccdloadtest757@gmail.com,547321
ccdloadtest758@gmail.com,547322
ccdloadtest759@gmail.com,547323
ccdloadtest760@gmail.com,547324
ccdloadtest762@gmail.com,547326
ccdloadtest763@gmail.com,547327
ccdloadtest764@gmail.com,547328
ccdloadtest765@gmail.com,547329
ccdloadtest766@gmail.com,547330
ccdloadtest767@gmail.com,547331
ccdloadtest768@gmail.com,547332
ccdloadtest769@gmail.com,547333
ccdloadtest770@gmail.com,547334
ccdloadtest771@gmail.com,547335
ccdloadtest751@gmail.com,547315
ccdloadtest752@gmail.com,547316
ccdloadtest753@gmail.com,547317
ccdloadtest754@gmail.com,547318
ccdloadtest755@gmail.com,547319
ccdloadtest756@gmail.com,547320
ccdloadtest757@gmail.com,547321
ccdloadtest758@gmail.com,547322
ccdloadtest759@gmail.com,547323
ccdloadtest760@gmail.com,547324
ccdloadtest762@gmail.com,547326
ccdloadtest763@gmail.com,547327
ccdloadtest764@gmail.com,547328
ccdloadtest765@gmail.com,547329
ccdloadtest766@gmail.com,547330
ccdloadtest767@gmail.com,547331
ccdloadtest768@gmail.com,547332
ccdloadtest769@gmail.com,547333
ccdloadtest770@gmail.com,547334
ccdloadtest771@gmail.com,547335
ccdloadtest751@gmail.com,547315
ccdloadtest752@gmail.com,547316
ccdloadtest753@gmail.com,547317
ccdloadtest754@gmail.com,547318
ccdloadtest755@gmail.com,547319
ccdloadtest756@gmail.com,547320
ccdloadtest757@gmail.com,547321
ccdloadtest758@gmail.com,547322
ccdloadtest759@gmail.com,547323
ccdloadtest760@gmail.com,547324
ccdloadtest762@gmail.com,547326
ccdloadtest763@gmail.com,547327
ccdloadtest764@gmail.com,547328
ccdloadtest765@gmail.com,547329
ccdloadtest766@gmail.com,547330
ccdloadtest767@gmail.com,547331
ccdloadtest768@gmail.com,547332
ccdloadtest769@gmail.com,547333
ccdloadtest770@gmail.com,547334
ccdloadtest771@gmail.com,547335
ccdloadtest751@gmail.com,547315
ccdloadtest752@gmail.com,547316
ccdloadtest753@gmail.com,547317
ccdloadtest754@gmail.com,547318
ccdloadtest755@gmail.com,547319
ccdloadtest756@gmail.com,547320
ccdloadtest757@gmail.com,547321
ccdloadtest758@gmail.com,547322
ccdloadtest759@gmail.com,547323
ccdloadtest760@gmail.com,547324
ccdloadtest762@gmail.com,547326
ccdloadtest763@gmail.com,547327
ccdloadtest764@gmail.com,547328
ccdloadtest765@gmail.com,547329
ccdloadtest766@gmail.com,547330
ccdloadtest767@gmail.com,547331
ccdloadtest768@gmail.com,547332
ccdloadtest769@gmail.com,547333
ccdloadtest770@gmail.com,547334
ccdloadtest771@gmail.com,547335
ccdloadtest751@gmail.com,547315
ccdloadtest752@gmail.com,547316
ccdloadtest753@gmail.com,547317
ccdloadtest754@gmail.com,547318
ccdloadtest755@gmail.com,547319
ccdloadtest756@gmail.com,547320
ccdloadtest757@gmail.com,547321
ccdloadtest758@gmail.com,547322
ccdloadtest759@gmail.com,547323
ccdloadtest760@gmail.com,547324
ccdloadtest762@gmail.com,547326
ccdloadtest763@gmail.com,547327
ccdloadtest764@gmail.com,547328
ccdloadtest765@gmail.com,547329
ccdloadtest766@gmail.com,547330
ccdloadtest767@gmail.com,547331
ccdloadtest768@gmail.com,547332
ccdloadtest769@gmail.com,547333
ccdloadtest770@gmail.com,547334
ccdloadtest771@gmail.com,547335
ccdloadtest751@gmail.com,547315
ccdloadtest752@gmail.com,547316
ccdloadtest753@gmail.com,547317
ccdloadtest754@gmail.com,547318
ccdloadtest755@gmail.com,547319
ccdloadtest756@gmail.com,547320
ccdloadtest757@gmail.com,547321
ccdloadtest758@gmail.com,547322
ccdloadtest759@gmail.com,547323
ccdloadtest760@gmail.com,547324
ccdloadtest762@gmail.com,547326
ccdloadtest763@gmail.com,547327
ccdloadtest764@gmail.com,547328
ccdloadtest765@gmail.com,547329
ccdloadtest766@gmail.com,547330
ccdloadtest767@gmail.com,547331
ccdloadtest768@gmail.com,547332
ccdloadtest769@gmail.com,547333
ccdloadtest770@gmail.com,547334
ccdloadtest771@gmail.com,547335
ccdloadtest751@gmail.com,547315
ccdloadtest752@gmail.com,547316
ccdloadtest753@gmail.com,547317
ccdloadtest754@gmail.com,547318
ccdloadtest755@gmail.com,547319
ccdloadtest756@gmail.com,547320
ccdloadtest757@gmail.com,547321
ccdloadtest758@gmail.com,547322
ccdloadtest759@gmail.com,547323
ccdloadtest760@gmail.com,547324
ccdloadtest762@gmail.com,547326
ccdloadtest763@gmail.com,547327
ccdloadtest764@gmail.com,547328
ccdloadtest765@gmail.com,547329
ccdloadtest766@gmail.com,547330
ccdloadtest767@gmail.com,547331
ccdloadtest768@gmail.com,547332
ccdloadtest769@gmail.com,547333
ccdloadtest770@gmail.com,547334
ccdloadtest771@gmail.com,547335
ccdloadtest751@gmail.com,547315
ccdloadtest752@gmail.com,547316
ccdloadtest753@gmail.com,547317
ccdloadtest754@gmail.com,547318
ccdloadtest755@gmail.com,547319
ccdloadtest756@gmail.com,547320
ccdloadtest757@gmail.com,547321
ccdloadtest758@gmail.com,547322
ccdloadtest759@gmail.com,547323
ccdloadtest760@gmail.com,547324
ccdloadtest762@gmail.com,547326
ccdloadtest763@gmail.com,547327
ccdloadtest764@gmail.com,547328
ccdloadtest765@gmail.com,547329
ccdloadtest766@gmail.com,547330
ccdloadtest767@gmail.com,547331
ccdloadtest768@gmail.com,547332
ccdloadtest769@gmail.com,547333
ccdloadtest770@gmail.com,547334
ccdloadtest771@gmail.com,547335
ccdloadtest751@gmail.com,547315
ccdloadtest752@gmail.com,547316
ccdloadtest753@gmail.com,547317
ccdloadtest754@gmail.com,547318
ccdloadtest755@gmail.com,547319
ccdloadtest756@gmail.com,547320
ccdloadtest757@gmail.com,547321
ccdloadtest758@gmail.com,547322
ccdloadtest759@gmail.com,547323
ccdloadtest760@gmail.com,547324
ccdloadtest762@gmail.com,547326
ccdloadtest763@gmail.com,547327
ccdloadtest764@gmail.com,547328
ccdloadtest765@gmail.com,547329
ccdloadtest766@gmail.com,547330
ccdloadtest767@gmail.com,547331
ccdloadtest768@gmail.com,547332
ccdloadtest769@gmail.com,547333
ccdloadtest770@gmail.com,547334
ccdloadtest771@gmail.com,547335
ccdloadtest751@gmail.com,547315
ccdloadtest752@gmail.com,547316
ccdloadtest753@gmail.com,547317
ccdloadtest754@gmail.com,547318
ccdloadtest755@gmail.com,547319
ccdloadtest756@gmail.com,547320
ccdloadtest757@gmail.com,547321
ccdloadtest758@gmail.com,547322
ccdloadtest759@gmail.com,547323
ccdloadtest760@gmail.com,547324
ccdloadtest762@gmail.com,547326
ccdloadtest763@gmail.com,547327
ccdloadtest764@gmail.com,547328
ccdloadtest765@gmail.com,547329
ccdloadtest766@gmail.com,547330
ccdloadtest767@gmail.com,547331
ccdloadtest768@gmail.com,547332
ccdloadtest769@gmail.com,547333
ccdloadtest770@gmail.com,547334
ccdloadtest771@gmail.com,547335
ccdloadtest751@gmail.com,547315
ccdloadtest752@gmail.com,547316
ccdloadtest753@gmail.com,547317
ccdloadtest754@gmail.com,547318
ccdloadtest755@gmail.com,547319
ccdloadtest756@gmail.com,547320
ccdloadtest757@gmail.com,547321
ccdloadtest758@gmail.com,547322
ccdloadtest759@gmail.com,547323
ccdloadtest760@gmail.com,547324
ccdloadtest762@gmail.com,547326
ccdloadtest763@gmail.com,547327
ccdloadtest764@gmail.com,547328
ccdloadtest765@gmail.com,547329
ccdloadtest766@gmail.com,547330
ccdloadtest767@gmail.com,547331
ccdloadtest768@gmail.com,547332
ccdloadtest769@gmail.com,547333
ccdloadtest770@gmail.com,547334
ccdloadtest771@gmail.com,547335
ccdloadtest751@gmail.com,547315
ccdloadtest752@gmail.com,547316
ccdloadtest753@gmail.com,547317
ccdloadtest754@gmail.com,547318
ccdloadtest755@gmail.com,547319
ccdloadtest756@gmail.com,547320
ccdloadtest757@gmail.com,547321
ccdloadtest758@gmail.com,547322
ccdloadtest759@gmail.com,547323
ccdloadtest760@gmail.com,547324
ccdloadtest762@gmail.com,547326
ccdloadtest763@gmail.com,547327
ccdloadtest764@gmail.com,547328
ccdloadtest765@gmail.com,547329
ccdloadtest766@gmail.com,547330
ccdloadtest767@gmail.com,547331
ccdloadtest768@gmail.com,547332
ccdloadtest769@gmail.com,547333
ccdloadtest770@gmail.com,547334
ccdloadtest771@gmail.com,547335
ccdloadtest751@gmail.com,547315
ccdloadtest752@gmail.com,547316
ccdloadtest753@gmail.com,547317
ccdloadtest754@gmail.com,547318
ccdloadtest755@gmail.com,547319
ccdloadtest756@gmail.com,547320
ccdloadtest757@gmail.com,547321
ccdloadtest758@gmail.com,547322
ccdloadtest759@gmail.com,547323
ccdloadtest760@gmail.com,547324
ccdloadtest762@gmail.com,547326
ccdloadtest763@gmail.com,547327
ccdloadtest764@gmail.com,547328
ccdloadtest765@gmail.com,547329
ccdloadtest766@gmail.com,547330
ccdloadtest767@gmail.com,547331
ccdloadtest768@gmail.com,547332
ccdloadtest769@gmail.com,547333
ccdloadtest770@gmail.com,547334
ccdloadtest771@gmail.com,547335
ccdloadtest751@gmail.com,547315
ccdloadtest752@gmail.com,547316
ccdloadtest753@gmail.com,547317
ccdloadtest754@gmail.com,547318
ccdloadtest755@gmail.com,547319
ccdloadtest756@gmail.com,547320
ccdloadtest757@gmail.com,547321
ccdloadtest758@gmail.com,547322
ccdloadtest759@gmail.com,547323
ccdloadtest760@gmail.com,547324
ccdloadtest762@gmail.com,547326
ccdloadtest763@gmail.com,547327
ccdloadtest764@gmail.com,547328
ccdloadtest765@gmail.com,547329
ccdloadtest766@gmail.com,547330
ccdloadtest767@gmail.com,547331
ccdloadtest768@gmail.com,547332
ccdloadtest769@gmail.com,547333
ccdloadtest770@gmail.com,547334
ccdloadtest771@gmail.com,547335
ccdloadtest751@gmail.com,547315
ccdloadtest752@gmail.com,547316
ccdloadtest753@gmail.com,547317
ccdloadtest754@gmail.com,547318
ccdloadtest755@gmail.com,547319
ccdloadtest756@gmail.com,547320
ccdloadtest757@gmail.com,547321
ccdloadtest758@gmail.com,547322
ccdloadtest759@gmail.com,547323
ccdloadtest760@gmail.com,547324
ccdloadtest762@gmail.com,547326
ccdloadtest763@gmail.com,547327
ccdloadtest764@gmail.com,547328
ccdloadtest765@gmail.com,547329
ccdloadtest766@gmail.com,547330
ccdloadtest767@gmail.com,547331
ccdloadtest768@gmail.com,547332
ccdloadtest769@gmail.com,547333
ccdloadtest770@gmail.com,547334
ccdloadtest771@gmail.com,547335
ccdloadtest751@gmail.com,547315
ccdloadtest752@gmail.com,547316
ccdloadtest753@gmail.com,547317
ccdloadtest754@gmail.com,547318
ccdloadtest755@gmail.com,547319
ccdloadtest756@gmail.com,547320
ccdloadtest757@gmail.com,547321
ccdloadtest758@gmail.com,547322
ccdloadtest759@gmail.com,547323
ccdloadtest760@gmail.com,547324
ccdloadtest762@gmail.com,547326
ccdloadtest763@gmail.com,547327
ccdloadtest764@gmail.com,547328
ccdloadtest765@gmail.com,547329
ccdloadtest766@gmail.com,547330
ccdloadtest767@gmail.com,547331
ccdloadtest768@gmail.com,547332
ccdloadtest769@gmail.com,547333
ccdloadtest770@gmail.com,547334
ccdloadtest771@gmail.com,547335
ccdloadtest751@gmail.com,547315
ccdloadtest752@gmail.com,547316
ccdloadtest753@gmail.com,547317
ccdloadtest754@gmail.com,547318
ccdloadtest755@gmail.com,547319
ccdloadtest756@gmail.com,547320
ccdloadtest757@gmail.com,547321
ccdloadtest758@gmail.com,547322
ccdloadtest759@gmail.com,547323
ccdloadtest760@gmail.com,547324
ccdloadtest762@gmail.com,547326
ccdloadtest763@gmail.com,547327
ccdloadtest764@gmail.com,547328
ccdloadtest765@gmail.com,547329
ccdloadtest766@gmail.com,547330
ccdloadtest767@gmail.com,547331
ccdloadtest768@gmail.com,547332
ccdloadtest769@gmail.com,547333
ccdloadtest770@gmail.com,547334
ccdloadtest771@gmail.com,547335
ccdloadtest751@gmail.com,547315
ccdloadtest752@gmail.com,547316
ccdloadtest753@gmail.com,547317
ccdloadtest754@gmail.com,547318
ccdloadtest755@gmail.com,547319
ccdloadtest756@gmail.com,547320
ccdloadtest757@gmail.com,547321
ccdloadtest758@gmail.com,547322
ccdloadtest759@gmail.com,547323
ccdloadtest760@gmail.com,547324
ccdloadtest762@gmail.com,547326
ccdloadtest763@gmail.com,547327
ccdloadtest764@gmail.com,547328
ccdloadtest765@gmail.com,547329
ccdloadtest766@gmail.com,547330
ccdloadtest767@gmail.com,547331
ccdloadtest768@gmail.com,547332
ccdloadtest769@gmail.com,547333
ccdloadtest770@gmail.com,547334
ccdloadtest771@gmail.com,547335
ccdloadtest751@gmail.com,547315
ccdloadtest752@gmail.com,547316
ccdloadtest753@gmail.com,547317
ccdloadtest754@gmail.com,547318
ccdloadtest755@gmail.com,547319
ccdloadtest756@gmail.com,547320
ccdloadtest757@gmail.com,547321
ccdloadtest758@gmail.com,547322
ccdloadtest759@gmail.com,547323
ccdloadtest760@gmail.com,547324
ccdloadtest762@gmail.com,547326
ccdloadtest763@gmail.com,547327
ccdloadtest764@gmail.com,547328
ccdloadtest765@gmail.com,547329
ccdloadtest766@gmail.com,547330
ccdloadtest767@gmail.com,547331
ccdloadtest768@gmail.com,547332
ccdloadtest769@gmail.com,547333
ccdloadtest770@gmail.com,547334
ccdloadtest771@gmail.com,547335
ccdloadtest751@gmail.com,547315
ccdloadtest752@gmail.com,547316
ccdloadtest753@gmail.com,547317
ccdloadtest754@gmail.com,547318
ccdloadtest755@gmail.com,547319
ccdloadtest756@gmail.com,547320
ccdloadtest757@gmail.com,547321
ccdloadtest758@gmail.com,547322
ccdloadtest759@gmail.com,547323
ccdloadtest760@gmail.com,547324
ccdloadtest762@gmail.com,547326
ccdloadtest763@gmail.com,547327
ccdloadtest764@gmail.com,547328
ccdloadtest765@gmail.com,547329
ccdloadtest766@gmail.com,547330
ccdloadtest767@gmail.com,547331
ccdloadtest768@gmail.com,547332
ccdloadtest769@gmail.com,547333
ccdloadtest770@gmail.com,547334
ccdloadtest771@gmail.com,547335
ccdloadtest751@gmail.com,547315
ccdloadtest752@gmail.com,547316
ccdloadtest753@gmail.com,547317
ccdloadtest754@gmail.com,547318
ccdloadtest755@gmail.com,547319
ccdloadtest756@gmail.com,547320
ccdloadtest757@gmail.com,547321
ccdloadtest758@gmail.com,547322
ccdloadtest759@gmail.com,547323
ccdloadtest760@gmail.com,547324
ccdloadtest762@gmail.com,547326
ccdloadtest763@gmail.com,547327
ccdloadtest764@gmail.com,547328
ccdloadtest765@gmail.com,547329
ccdloadtest766@gmail.com,547330
ccdloadtest767@gmail.com,547331
ccdloadtest768@gmail.com,547332
ccdloadtest769@gmail.com,547333
ccdloadtest770@gmail.com,547334
ccdloadtest771@gmail.com,547335
ccdloadtest751@gmail.com,547315
ccdloadtest752@gmail.com,547316
ccdloadtest753@gmail.com,547317
ccdloadtest754@gmail.com,547318
ccdloadtest755@gmail.com,547319
ccdloadtest756@gmail.com,547320
ccdloadtest757@gmail.com,547321
ccdloadtest758@gmail.com,547322
ccdloadtest759@gmail.com,547323
ccdloadtest760@gmail.com,547324
ccdloadtest762@gmail.com,547326
ccdloadtest763@gmail.com,547327
ccdloadtest764@gmail.com,547328
ccdloadtest765@gmail.com,547329
ccdloadtest766@gmail.com,547330
ccdloadtest767@gmail.com,547331
ccdloadtest768@gmail.com,547332
ccdloadtest769@gmail.com,547333
ccdloadtest770@gmail.com,547334
ccdloadtest771@gmail.com,547335
ccdloadtest751@gmail.com,547315
ccdloadtest752@gmail.com,547316
ccdloadtest753@gmail.com,547317
ccdloadtest754@gmail.com,547318
ccdloadtest755@gmail.com,547319
ccdloadtest756@gmail.com,547320
ccdloadtest757@gmail.com,547321
ccdloadtest758@gmail.com,547322
ccdloadtest759@gmail.com,547323
ccdloadtest760@gmail.com,547324
ccdloadtest762@gmail.com,547326
ccdloadtest763@gmail.com,547327
ccdloadtest764@gmail.com,547328
ccdloadtest765@gmail.com,547329
ccdloadtest766@gmail.com,547330
ccdloadtest767@gmail.com,547331
ccdloadtest768@gmail.com,547332
ccdloadtest769@gmail.com,547333
ccdloadtest770@gmail.com,547334
ccdloadtest771@gmail.com,547335
ccdloadtest751@gmail.com,547315
ccdloadtest752@gmail.com,547316
ccdloadtest753@gmail.com,547317
ccdloadtest754@gmail.com,547318
ccdloadtest755@gmail.com,547319
ccdloadtest756@gmail.com,547320
ccdloadtest757@gmail.com,547321
ccdloadtest758@gmail.com,547322
ccdloadtest759@gmail.com,547323
ccdloadtest760@gmail.com,547324
ccdloadtest762@gmail.com,547326
ccdloadtest763@gmail.com,547327
ccdloadtest764@gmail.com,547328
ccdloadtest765@gmail.com,547329
ccdloadtest766@gmail.com,547330
ccdloadtest767@gmail.com,547331
ccdloadtest768@gmail.com,547332
ccdloadtest769@gmail.com,547333
ccdloadtest770@gmail.com,547334
ccdloadtest771@gmail.com,547335
ccdloadtest751@gmail.com,547315
ccdloadtest752@gmail.com,547316
ccdloadtest753@gmail.com,547317
ccdloadtest754@gmail.com,547318
ccdloadtest755@gmail.com,547319
ccdloadtest756@gmail.com,547320
ccdloadtest757@gmail.com,547321
ccdloadtest758@gmail.com,547322
ccdloadtest759@gmail.com,547323
ccdloadtest760@gmail.com,547324
ccdloadtest762@gmail.com,547326
ccdloadtest763@gmail.com,547327
ccdloadtest764@gmail.com,547328
ccdloadtest765@gmail.com,547329
ccdloadtest766@gmail.com,547330
ccdloadtest767@gmail.com,547331
ccdloadtest768@gmail.com,547332
ccdloadtest769@gmail.com,547333
ccdloadtest770@gmail.com,547334
ccdloadtest771@gmail.com,547335
ccdloadtest751@gmail.com,547315
ccdloadtest752@gmail.com,547316
ccdloadtest753@gmail.com,547317
ccdloadtest754@gmail.com,547318
ccdloadtest755@gmail.com,547319
ccdloadtest756@gmail.com,547320
ccdloadtest757@gmail.com,547321
ccdloadtest758@gmail.com,547322
ccdloadtest759@gmail.com,547323
ccdloadtest760@gmail.com,547324
ccdloadtest762@gmail.com,547326
ccdloadtest763@gmail.com,547327
ccdloadtest764@gmail.com,547328
ccdloadtest765@gmail.com,547329
ccdloadtest766@gmail.com,547330
ccdloadtest767@gmail.com,547331
ccdloadtest768@gmail.com,547332
ccdloadtest769@gmail.com,547333
ccdloadtest770@gmail.com,547334
ccdloadtest771@gmail.com,547335
ccdloadtest751@gmail.com,547315
ccdloadtest752@gmail.com,547316
ccdloadtest753@gmail.com,547317
ccdloadtest754@gmail.com,547318
ccdloadtest755@gmail.com,547319
ccdloadtest756@gmail.com,547320
ccdloadtest757@gmail.com,547321
ccdloadtest758@gmail.com,547322
ccdloadtest759@gmail.com,547323
ccdloadtest760@gmail.com,547324
ccdloadtest762@gmail.com,547326
ccdloadtest763@gmail.com,547327
ccdloadtest764@gmail.com,547328
ccdloadtest765@gmail.com,547329
ccdloadtest766@gmail.com,547330
ccdloadtest767@gmail.com,547331
ccdloadtest768@gmail.com,547332
ccdloadtest769@gmail.com,547333
ccdloadtest770@gmail.com,547334
ccdloadtest771@gmail.com,547335
ccdloadtest751@gmail.com,547315
ccdloadtest752@gmail.com,547316
ccdloadtest753@gmail.com,547317
ccdloadtest754@gmail.com,547318
ccdloadtest755@gmail.com,547319
ccdloadtest756@gmail.com,547320
ccdloadtest757@gmail.com,547321
ccdloadtest758@gmail.com,547322
ccdloadtest759@gmail.com,547323
ccdloadtest760@gmail.com,547324
ccdloadtest762@gmail.com,547326
ccdloadtest763@gmail.com,547327
ccdloadtest764@gmail.com,547328
ccdloadtest765@gmail.com,547329
ccdloadtest766@gmail.com,547330
ccdloadtest767@gmail.com,547331
ccdloadtest768@gmail.com,547332
ccdloadtest769@gmail.com,547333
ccdloadtest770@gmail.com,547334
ccdloadtest771@gmail.com,547335
ccdloadtest751@gmail.com,547315
ccdloadtest752@gmail.com,547316
ccdloadtest753@gmail.com,547317
ccdloadtest754@gmail.com,547318
ccdloadtest755@gmail.com,547319
ccdloadtest756@gmail.com,547320
ccdloadtest757@gmail.com,547321
ccdloadtest758@gmail.com,547322
ccdloadtest759@gmail.com,547323
ccdloadtest760@gmail.com,547324
ccdloadtest762@gmail.com,547326
ccdloadtest763@gmail.com,547327
ccdloadtest764@gmail.com,547328
ccdloadtest765@gmail.com,547329
ccdloadtest766@gmail.com,547330
ccdloadtest767@gmail.com,547331
ccdloadtest768@gmail.com,547332
ccdloadtest769@gmail.com,547333
ccdloadtest770@gmail.com,547334
ccdloadtest771@gmail.com,547335
ccdloadtest751@gmail.com,547315
ccdloadtest752@gmail.com,547316
ccdloadtest753@gmail.com,547317
ccdloadtest754@gmail.com,547318
ccdloadtest755@gmail.com,547319
ccdloadtest756@gmail.com,547320
ccdloadtest757@gmail.com,547321
ccdloadtest758@gmail.com,547322
ccdloadtest759@gmail.com,547323
ccdloadtest760@gmail.com,547324
ccdloadtest762@gmail.com,547326
ccdloadtest763@gmail.com,547327
ccdloadtest764@gmail.com,547328
ccdloadtest765@gmail.com,547329
ccdloadtest766@gmail.com,547330
ccdloadtest767@gmail.com,547331
ccdloadtest768@gmail.com,547332
ccdloadtest769@gmail.com,547333
ccdloadtest770@gmail.com,547334
ccdloadtest771@gmail.com,547335
ccdloadtest751@gmail.com,547315
ccdloadtest752@gmail.com,547316
ccdloadtest753@gmail.com,547317
ccdloadtest754@gmail.com,547318
ccdloadtest755@gmail.com,547319
ccdloadtest756@gmail.com,547320
ccdloadtest757@gmail.com,547321
ccdloadtest758@gmail.com,547322
ccdloadtest759@gmail.com,547323
ccdloadtest760@gmail.com,547324
ccdloadtest762@gmail.com,547326
ccdloadtest763@gmail.com,547327
ccdloadtest764@gmail.com,547328
ccdloadtest765@gmail.com,547329
ccdloadtest766@gmail.com,547330
ccdloadtest767@gmail.com,547331
ccdloadtest768@gmail.com,547332
ccdloadtest769@gmail.com,547333
ccdloadtest770@gmail.com,547334
ccdloadtest771@gmail.com,547335
ccdloadtest751@gmail.com,547315
ccdloadtest752@gmail.com,547316
ccdloadtest753@gmail.com,547317
ccdloadtest754@gmail.com,547318
ccdloadtest755@gmail.com,547319
ccdloadtest756@gmail.com,547320
ccdloadtest757@gmail.com,547321
ccdloadtest758@gmail.com,547322
ccdloadtest759@gmail.com,547323
ccdloadtest760@gmail.com,547324
ccdloadtest762@gmail.com,547326
ccdloadtest763@gmail.com,547327
ccdloadtest764@gmail.com,547328
ccdloadtest765@gmail.com,547329
ccdloadtest766@gmail.com,547330
ccdloadtest767@gmail.com,547331
ccdloadtest768@gmail.com,547332
ccdloadtest769@gmail.com,547333
ccdloadtest770@gmail.com,547334
ccdloadtest771@gmail.com,547335
ccdloadtest751@gmail.com,547315
ccdloadtest752@gmail.com,547316
ccdloadtest753@gmail.com,547317
ccdloadtest754@gmail.com,547318
ccdloadtest755@gmail.com,547319
ccdloadtest756@gmail.com,547320
ccdloadtest757@gmail.com,547321
ccdloadtest758@gmail.com,547322
ccdloadtest759@gmail.com,547323
ccdloadtest760@gmail.com,547324
ccdloadtest762@gmail.com,547326
ccdloadtest763@gmail.com,547327
ccdloadtest764@gmail.com,547328
ccdloadtest765@gmail.com,547329
ccdloadtest766@gmail.com,547330
ccdloadtest767@gmail.com,547331
ccdloadtest768@gmail.com,547332
ccdloadtest769@gmail.com,547333
ccdloadtest770@gmail.com,547334
ccdloadtest771@gmail.com,547335
ccdloadtest751@gmail.com,547315
ccdloadtest752@gmail.com,547316
ccdloadtest753@gmail.com,547317
ccdloadtest754@gmail.com,547318
ccdloadtest755@gmail.com,547319
ccdloadtest756@gmail.com,547320
ccdloadtest757@gmail.com,547321
ccdloadtest758@gmail.com,547322
ccdloadtest759@gmail.com,547323
ccdloadtest760@gmail.com,547324
ccdloadtest762@gmail.com,547326
ccdloadtest763@gmail.com,547327
ccdloadtest764@gmail.com,547328
ccdloadtest765@gmail.com,547329
ccdloadtest766@gmail.com,547330
ccdloadtest767@gmail.com,547331
ccdloadtest768@gmail.com,547332
ccdloadtest769@gmail.com,547333
ccdloadtest770@gmail.com,547334
ccdloadtest771@gmail.com,547335
ccdloadtest751@gmail.com,547315
ccdloadtest752@gmail.com,547316
ccdloadtest753@gmail.com,547317
ccdloadtest754@gmail.com,547318
ccdloadtest755@gmail.com,547319
ccdloadtest756@gmail.com,547320
ccdloadtest757@gmail.com,547321
ccdloadtest758@gmail.com,547322
ccdloadtest759@gmail.com,547323
ccdloadtest760@gmail.com,547324
ccdloadtest762@gmail.com,547326
ccdloadtest763@gmail.com,547327
ccdloadtest764@gmail.com,547328
ccdloadtest765@gmail.com,547329
ccdloadtest766@gmail.com,547330
ccdloadtest767@gmail.com,547331
ccdloadtest768@gmail.com,547332
ccdloadtest769@gmail.com,547333
ccdloadtest770@gmail.com,547334
ccdloadtest771@gmail.com,547335
ccdloadtest751@gmail.com,547315
ccdloadtest752@gmail.com,547316
ccdloadtest753@gmail.com,547317
ccdloadtest754@gmail.com,547318
ccdloadtest755@gmail.com,547319
ccdloadtest756@gmail.com,547320
ccdloadtest757@gmail.com,547321
ccdloadtest758@gmail.com,547322
ccdloadtest759@gmail.com,547323
ccdloadtest760@gmail.com,547324
ccdloadtest762@gmail.com,547326
ccdloadtest763@gmail.com,547327
ccdloadtest764@gmail.com,547328
ccdloadtest765@gmail.com,547329
ccdloadtest766@gmail.com,547330
ccdloadtest767@gmail.com,547331
ccdloadtest768@gmail.com,547332
ccdloadtest769@gmail.com,547333
ccdloadtest770@gmail.com,547334
ccdloadtest771@gmail.com,547335